LOINC Component Part ID,PDS abundance,PartName,PartDisplayName,Status,triage category,notes
LP17698-9,11665672.0,Erythrocyte distribution width,Erythrocyte distribution width,ACTIVE,,
LP17695-5,11637965.0,Erythrocyte mean corpuscular hemoglobin concentration,Erythrocyte mean corpuscular hemoglobin concentration,ACTIVE,,
LP30809-5,9541552.0,Anion gap,Anion gap,ACTIVE,,
LP62820-3,5190636.0,Glomerular filtration rate/1.73 sq M.predicted.non black,Glomerular filtration rate.predicted among non blacks,ACTIVE,,
LP62821-1,4786654.0,Glomerular filtration rate/1.73 sq M.predicted.black,Glomerular filtration rate.predicted among blacks,ACTIVE,,
LP15101-6,3381572.5,Hematocrit,Hematocrit,ACTIVE,,
LP15333-5,3207519.5,Alanine aminotransferase,Alanine aminotransferase,ACTIVE,,
LP14492-0,2414933.6,Urea nitrogen,Urea nitrogen,ACTIVE,,
LP15445-7,1988435.0,Bilirubin.glucuronidated+Bilirubin.albumin bound,Bilirubin.glucuronidated+Bilirubin.albumin bound,ACTIVE,,
LP286653-3,1672829.8,Neutrophils/100 leukocytes,Neutrophils/100 leukocytes,ACTIVE,,
LP286557-6,1622923.8,Monocytes/100 leukocytes,Monocytes/100 leukocytes,ACTIVE,,
LP285063-6,1606682.6,Basophils/100 leukocytes,Basophils/100 leukocytes,ACTIVE,,
LP286448-8,1159600.9,Lymphocytes/100 leukocytes,Lymphocytes/100 leukocytes,ACTIVE,,
LP285961-1,1009487.7,Eosinophils/100 leukocytes,Eosinophils/100 leukocytes,ACTIVE,,
LP30884-8,878543.0,Oxygen content,Oxygen content,ACTIVE,,
LP307328-7,825583.0,Albumin/Globulin,Albumin/Globulin,ACTIVE,,
LP6118-6,719299.2,Albumin,Albumin,ACTIVE,,
LP286151-8,689046.5,Hemoglobin A1c/Hemoglobin.total,Hemoglobin A1c/Hemoglobin.total,ACTIVE,,
LP29151-5,674621.5,Neutrophils.segmented,Segmented neutrophils,ACTIVE,,
LP15070-3,668733.0,Neutrophils.band form,Band form neutrophils,ACTIVE,,
LP17145-1,602878.0,Troponin T.cardiac,Troponin T.cardiac,ACTIVE,,
LP15429-1,514406.0,Base excess,Base excess,ACTIVE,,
LP15441-6,511619.7,Bicarbonate,Bicarbonate,ACTIVE,,
LP308158-7,494611.0,Leukocytes^^corrected for nucleated erythrocytes,Leukocytes^^corrected for nucleated erythrocytes,ACTIVE,,
LP286644-2,462274.0,Neutrophils.band form/100 leukocytes,Neutrophils.band form/100 leukocytes,ACTIVE,,
LP308146-2,462008.7,Erythrocytes.nucleated/100 leukocytes,Erythrocytes.nucleated/100 leukocytes,ACTIVE,,
LP285215-2,448907.7,Carboxyhemoglobin/Hemoglobin.total,Carboxyhemoglobin/Hemoglobin.total,ACTIVE,,
LP15072-9,445931.5,Lymphocytes.variant,Variant lymphocytes,ACTIVE,,
LP286513-9,445857.4,Methemoglobin/Hemoglobin.total,Methemoglobin/Hemoglobin.total,ACTIVE,,
LP307523-3,439459.7,Oxyhemoglobin/Hemoglobin.total,Oxyhemoglobin/Hemoglobin.total,ACTIVE,,
LP286445-4,422838.0,Lymphocytes.variant/100 leukocytes,Lymphocytes.variant/100 leukocytes,ACTIVE,,
LP182450-9,407931.0,25-Hydroxyvitamin D2+25-Hydroxyvitamin D3,25-Hydroxyvitamin D2+25-Hydroxyvitamin D3,ACTIVE,,
LP14885-5,406056.5,Globulin,Globulin,ACTIVE,,
LP287338-0,394341.0,Urea nitrogen/Creatinine,Urea nitrogen/Creatinine,ACTIVE,,
LP15907-6,329360.0,Transferrin,Transferrin,ACTIVE,,
LP21258-6,324618.0,Oxygen saturation,Oxygen saturation,ACTIVE,,
LP14329-4,287756.0,Choriogonadotropin.beta subunit,Choriogonadotropin.beta subunit,ACTIVE,,
LP286650-9,286530.0,Neutrophils.segmented/100 leukocytes,Neutrophils.segmented/100 leukocytes,ACTIVE,,
LP307370-9,276649.0,Cholesterol.total/Cholesterol.in HDL,Cholesterol.total/Cholesterol.in HDL,ACTIVE,,
LP286128-6,273994.0,Granulocytes.immature/100 leukocytes,Granulocytes.immature/100 leukocytes,ACTIVE,,
LP31778-1,273957.0,Granulocytes.immature,Immature granulocytes,ACTIVE,,
LP31686-6,268314.7,Glomerular filtration rate/1.73 sq M.predicted,Predicted Glomerular filtration rate,ACTIVE,,
LP307490-5,257526.0,Iron/Iron binding capacity.total,Iron/Iron binding capacity.total,ACTIVE,,
LP307365-9,248365.5,Carbon dioxide^^adjusted to patient's actual temperature,Carbon dioxide^^adjusted to patient's actual temperature,ACTIVE,,
LP31268-3,242740.0,Natriuretic peptide.B prohormone N-Terminal,Natriuretic peptide.B prohormone N-Terminal,ACTIVE,,
LP14915-0,242654.5,Triacylglycerol lipase,Triacylglycerol lipase,ACTIVE,,
LP18193-0,242259.5,Prostate specific Ag,Prostate specific Ag,ACTIVE,,
LP29015-2,233810.0,Cells counted.total,Cells Counted Total,ACTIVE,,
LP15921-7,200230.0,Triiodothyronine resin uptake (T3RU),Triiodothyronine resin uptake (T3RU),ACTIVE,,
LP307524-1,196822.0,pH^^adjusted to patient's actual temperature,pH^^adjusted to patient's actual temperature,ACTIVE,,
LP14464-9,192675.5,Erythrocytes.nucleated,Nucleated erythrocytes,ACTIVE,,
LP14890-5,176946.0,Troponin I.cardiac,Troponin I.cardiac,ACTIVE,,
LP15590-0,163033.0,Gamma glutamyl transferase,Gamma glutamyl transferase,ACTIVE,,
LP15033-1,159480.4,Lactate dehydrogenase,Lactate dehydrogenase,ACTIVE,,
LP31526-4,156813.0,Amphetamine+Methamphetamine,Amphetamine+Methamphetamine,ACTIVE,,
LP286593-1,152525.5,Myelocytes/100 leukocytes,Myelocytes/100 leukocytes,ACTIVE,,
LP15355-8,135593.0,Amylase,Amylase,ACTIVE,,
LP308056-3,135462.0,Vancomycin^trough,Vancomycin^trough,ACTIVE,,
LP307485-5,119818.5,Immunoglobulin light chains.kappa.free/Immunoglobulin light chains.lambda.free,Immunoglobulin light chains.kappa.free/Immunoglobulin light chains.lambda.free,ACTIVE,,
LP28551-7,116104.0,Thyroxine free index,Thyroxine free index,ACTIVE,,
LP15513-2,110527.5,Creatine kinase.MB,Creatine kinase.MB,ACTIVE,,
LP15837-5,109224.0,Prealbumin,Prealbumin,ACTIVE,,
LP14672-7,99217.5,IgG,IgG,ACTIVE,,
LP308202-3,96365.5,Reticulocytes/100 erythrocytes,Reticulocytes/100 erythrocytes,ACTIVE,,
LP38330-4,95862.0,Hepatitis B virus surface Ab,Hepatitis B virus surface Ab,ACTIVE,,
LP14674-3,94253.5,IgM,IgM,ACTIVE,,
LP36472-6,92512.0,Cholesterol.non HDL,Cholesterol non HDL,ACTIVE,,
LP15835-9,92202.5,Beta globulin,Beta globulin,ACTIVE,,
LP15834-2,92104.5,Alpha 2 globulin,Alpha 2 globulin,ACTIVE,,
LP15833-4,92100.5,Alpha 1 globulin,Alpha 1 globulin,ACTIVE,,
LP15836-7,92086.5,Gamma globulin,Gamma globulin,ACTIVE,,
LP284902-6,88028.4,Albumin/Creatinine,Albumin/Creatinine,ACTIVE,,
LP39996-1,85380.0,Thyroglobulin Ab,Thyroglobulin Ab,ACTIVE,,
LP28643-2,80789.0,Carcinoembryonic Ag,Carcinoembryonic Ag,ACTIVE,,
LP286943-8,76826.0,Protein/Creatinine,Protein/Creatinine,ACTIVE,,
LP286503-0,73646.0,Metamyelocytes/100 leukocytes,Metamyelocytes/100 leukocytes,ACTIVE,,
LP15778-1,65596.0,Parathyrin.intact,Parathyrin.intact,ACTIVE,,
LP14543-0,65386.0,Cancer Ag 125,Cancer Ag 125,ACTIVE,,
LP16371-4,61957.0,Complement C4,Complement C4,ACTIVE,,
LP307521-7,61630.8,Oxygen^^adjusted to patient's actual temperature,Oxygen^^adjusted to patient's actual temperature,ACTIVE,,
LP286495-9,57310.0,Mesothelial cells/100 leukocytes,Mesothelial cells/100 leukocytes,ACTIVE,,
LP15678-3,49548.0,Iron binding capacity,Iron binding capacity,ACTIVE,,
LP37880-9,46429.0,Cytomegalovirus Ab.IgG,Cytomegalovirus IgG,ACTIVE,,
LP30912-7,42429.0,Lymphocyte proliferation.tetanus toxoid stimulation,Lymphocyte proliferation tetanus toxoid stimulation,ACTIVE,,
LP29081-4,41366.5,Immunoglobulin light chains.kappa.free,Kappa light chains.free,ACTIVE,,
LP29082-2,41358.0,Immunoglobulin light chains.lambda.free,Lambda light chains.free,ACTIVE,,
LP305893-2,41137.0,Glucose^1H post dose glucose,Glucose^1H post dose glucose,ACTIVE,,
LP40112-2,41085.5,Varicella zoster virus Ab.IgG,Varicella zoster virus IgG,ACTIVE,,
LP37329-7,40988.0,Borrelia burgdorferi Ab,Borrelia burgdorferi Ab,ACTIVE,,
LP306098-7,38787.0,Glucose^post CFst,Glucose^post CFst,ACTIVE,,
LP286361-3,38776.7,Leukocytes other/100 leukocytes,Leukocytes other/100 leukocytes,ACTIVE,,
LP71673-5,38500.5,Alpha-1-fetoprotein.tumor marker,Alpha-1-fetoprotein.tumor marker,ACTIVE,,
LP37936-9,35599.0,DNA double strand Ab,DNA double strand Ab,ACTIVE,,
LP40001-7,32958.0,Thyroperoxidase Ab,Thyroperoxidase Ab,ACTIVE,,
LP39050-7,30845.0,Mumps virus Ab.IgG,Mumps virus IgG,ACTIVE,,
LP31682-5,30317.0,Procalcitonin,Procalcitonin,ACTIVE,,
LP62989-6,30314.0,Hepatitis C virus Ab Signal/Cutoff,Hepatitis C virus Ab Signal/Cutoff,ACTIVE,,
LP265737-9,28689.0,Mycobacterium tuberculosis stimulated gamma interferon release by CD4+ T-cells,Mycobacterium tuberculosis stimulated gamma interferon release by CD4+ T-cells,ACTIVE,,
LP15461-4,28396.0,Cancer Ag 15-3,Cancer Ag 15-3,ACTIVE,,
LP307351-9,27792.0,Beta hydroxybutyrate/Acetoacetate,Beta hydroxybutyrate/Acetoacetate,ACTIVE,,
LP39135-6,25064.0,Myeloperoxidase Ab,Myeloperoxidase Ab,ACTIVE,,
LP39007-7,24942.0,Measles virus Ab.IgG,Measles virus IgG,ACTIVE,,
LP38332-0,24341.0,Hepatitis C virus Ab,Hepatitis C virus Ab,ACTIVE,,
LP39491-3,24275.0,Proteinase 3 Ab,Proteinase 3 Ab,ACTIVE,,
LP14040-7,23723.5,Cancer Ag 19-9,Cancer Ag 19-9,ACTIVE,,
LP37859-3,22927.0,Cyclic citrullinated peptide Ab,Cyclic citrullinated peptide Ab,ACTIVE,,
LP40011-6,22725.5,Tissue transglutaminase Ab.IgA,Tissue Transglutaminase IgA,ACTIVE,,
LP15464-8,22709.0,Cancer Ag 27-29,Cancer Ag 27-29,ACTIVE,,
LP286914-9,21730.5,Promyelocytes/100 leukocytes,Promyelocytes/100 leukocytes,ACTIVE,,
LP39754-4,21344.5,Sjogrens syndrome-B extractable nuclear Ab,Sjogrens syndrome-B extractable nuclear Ab,ACTIVE,,
LP39751-0,21307.5,Sjogrens syndrome-A extractable nuclear Ab,Sjogrens syndrome-A extractable nuclear Ab,ACTIVE,,
LP286153-4,20937.0,Hemoglobin A2/Hemoglobin.total,Hemoglobin A2/Hemoglobin.total,ACTIVE,,
LP38072-2,20866.0,Epstein Barr virus early Ab,Epstein Barr virus early Ab,ACTIVE,,
LP38074-8,20848.0,Epstein Barr virus nuclear Ab,Epstein Barr virus nuclear Ab,ACTIVE,,
LP286459-5,20399.5,Macrophages/100 leukocytes,Macrophages/100 leukocytes,ACTIVE,,
LP38331-2,20136.0,Hepatitis B virus surface Ag,Hepatitis B virus surface Ag,ACTIVE,,
LP149679-5,19271.0,Gamma interferon background,Gamma interferon background,ACTIVE,,
LP16738-4,19157.3,Rheumatoid factor,Rheumatoid factor,ACTIVE,,
LP286150-0,18819.5,Hemoglobin A1/Hemoglobin.total,Hemoglobin A1/Hemoglobin.total,ACTIVE,,
LP38070-6,18324.0,Epstein Barr virus capsid Ab.IgG,Epstein Barr virus capsid IgG,ACTIVE,,
LP15021-6,16202.0,Aldolase,Aldolase,ACTIVE,,
LP285748-2,16131.0,Cholesterol.in VLDL/Triglyceride,Cholesterol.in VLDL/Triglyceride,ACTIVE,,
LP14671-9,15642.0,IgE,IgE,ACTIVE,,
LP18192-2,15562.0,Prostate specific Ag.free,Prostate Specific Ag Free,ACTIVE,,
LP308163-7,15215.0,Leukocytes^4th tube,Leukocytes^4th tube,ACTIVE,,
LP308150-4,15212.0,Erythrocytes^4th tube,Erythrocytes^4th tube,ACTIVE,,
LP305947-6,15116.0,Glucose^2H post dose glucose,Glucose^2H post dose glucose,ACTIVE,,
LP286390-2,14877.0,Lipoprotein (little a)/Lipoprotein.total,Lipoprotein (little a)/Lipoprotein.total,ACTIVE,,
LP305887-4,14496.0,Glucose^1H post 50 g glucose PO,Glucose^1H post 50 g glucose PO,ACTIVE,,
LP14356-7,14441.0,Inhibin A,Inhibin A,ACTIVE,,
LP286925-5,14316.0,Prostate specific Ag.free/Prostate specific Ag.total,Prostate specific Ag.free/Prostate specific Ag.total,ACTIVE,,
LP308383-1,14208.0,Mitogen stimulated gamma interferon^^corrected for background,Mitogen stimulated gamma interferon^^corrected for background,ACTIVE,,
LP15881-3,14119.0,Testosterone.free+weakly bound,Testosterone.free+weakly bound,ACTIVE,,
LP32756-6,13233.0,Iron saturation,Iron saturation,ACTIVE,,
LP34629-3,12448.0,Mullerian inhibiting substance,Mullerian inhibiting substance,ACTIVE,,
LP37538-3,12205.0,Cardiolipin Ab.IgM,Cardiolipin IgM,ACTIVE,,
LP37537-5,12145.0,Cardiolipin Ab.IgG,Cardiolipin IgG,ACTIVE,,
LP285494-3,11615.0,Cells.CD4/100 cells,Cells.CD4/100 cells,ACTIVE,,
LP17756-5,11575.0,Cells.CD4,CD4 cells,ACTIVE,,
LP37266-1,11528.5,Beta 2 glycoprotein 1 Ab.IgG,Beta 2 glycoprotein 1 IgG,ACTIVE,,
LP37267-9,11524.0,Beta 2 glycoprotein 1 Ab.IgM,Beta 2 glycoprotein 1 IgM,ACTIVE,,
LP61616-6,11378.0,Gliadin peptide Ab.IgG,Gliadin peptide IgG,ACTIVE,,
LP61615-8,11361.0,Gliadin peptide Ab.IgA,Gliadin peptide IgA,ACTIVE,,
LP38071-4,10965.5,Epstein Barr virus capsid Ab.IgM,Epstein Barr virus capsid IgM,ACTIVE,,
LP307921-9,10513.0,Gentamicin^trough,Gentamicin^trough,ACTIVE,,
LP39631-4,10030.5,Rubella virus Ab.IgG,Rubella virus IgG,ACTIVE,,
LP38305-6,9569.0,Helicobacter pylori Ab.IgG,Helicobacter pylori IgG,ACTIVE,,
LP305995-5,9254.0,Glucose^3H post dose glucose,Glucose^3H post dose glucose,ACTIVE,,
LP39721-3,9205.0,SCL-70 extractable nuclear Ab,SCL-70 extractable nuclear Ab,ACTIVE,,
LP306092-0,9180.0,Glucose^baseline,Glucose^baseline,ACTIVE,,
LP229834-9,8368.0,traMADol cutoff,traMADol cutoff,ACTIVE,,
LP38363-5,8272.5,Herpes simplex virus 1 Ab.IgG,Herpes simplex virus 1 IgG,ACTIVE,,
LP36005-4,7622.0,"1,3 beta glucan","1,3 beta glucan",ACTIVE,,
LP38378-3,7516.0,Herpes simplex virus 2 Ab.IgG,Herpes simplex virus 2 IgG,ACTIVE,,
LP38323-9,7388.0,Hepatitis B virus core Ab,Hepatitis B virus core Ab,ACTIVE,,
LP14331-0,7179.0,Alpha-1-Fetoprotein,Alpha-1-Fetoprotein,ACTIVE,,
LP307916-9,6992.0,Gentamicin^peak,Gentamicin^peak,ACTIVE,,
LP147728-2,6915.0,Aspergillus fumigatus Ab.IgE,Aspergillus fumigatus IgE,ACTIVE,,
LP148016-1,6898.0,Dog dander Ab.IgE,Dog dander IgE,ACTIVE,,
LP285601-3,6848.0,Cells.CD8/100 cells,Cells.CD8/100 cells,ACTIVE,,
LP17757-3,6830.0,Cells.CD8,CD8 cells,ACTIVE,,
LP304599-6,6821.0,Cells.CD4/Cells.CD8,Cells.CD4/Cells.CD8,ACTIVE,,
LP148014-6,6774.0,Dermatophagoides pteronyssinus Ab.IgE,Dermatophagoides pteronyssinus IgE,ACTIVE,,
LP147726-6,6743.0,Cat dander Ab.IgE,Cat dander IgE,ACTIVE,,
LP148013-8,6696.0,Dermatophagoides farinae Ab.IgE,American house dust mite IgE,ACTIVE,,
LP147775-3,6683.0,Alternaria alternata Ab.IgE,Alternaria alternata IgE,ACTIVE,,
LP148007-0,6661.0,Ambrosia elatior Ab.IgE,Common Ragweed (Ambrosia elatior) IgE,ACTIVE,,
LP147837-1,6646.0,Quercus alba Ab.IgE,White Oak (Quercus alba) IgE,ACTIVE,,
LP148090-6,6623.0,Phleum pratense Ab.IgE,Timothy (Phleum pratense) IgE,ACTIVE,,
LP147536-9,6574.0,Betula verrucosa Ab.IgE,Silver Birch (Betula verrucosa) IgE,ACTIVE,,
LP307347-7,6502.0,Apolipoprotein B/Apolipoprotein A-I,Apolipoprotein B/Apolipoprotein A-I,ACTIVE,,
LP148152-4,6501.0,Penicillium notatum Ab.IgE,Penicillium notatum IgE,ACTIVE,,
LP29058-2,6480.0,Hemoglobin.free,Free Hemoglobin,ACTIVE,,
LP148079-9,6399.0,Lolium perenne Ab.IgE,Perennial rye grass (Lolium perenne) IgE,ACTIVE,,
LP148023-7,6388.0,Ulmus americana Ab.IgE,White Elm (Ulmus americana) IgE,ACTIVE,,
LP147790-2,6184.0,Fraxinus americana Ab.IgE,White Ash (Fraxinus americana) IgE,ACTIVE,,
LP148039-3,6117.0,Ambrosia trifida Ab.IgE,Giant Ragweed (Ambrosia trifida) IgE,ACTIVE,,
LP148422-1,6074.0,Cladosporium sphaerospermum Ab.IgE,Cladosporium sphaerospermum IgE,ACTIVE,,
LP286568-3,6035.0,Mononuclear cells/100 leukocytes,Mononuclear cells/100 leukocytes,ACTIVE,,
LP148062-5,5998.0,Dactylis glomerata Ab.IgE,Cocksfoot (Dactylis glomerata) IgE,ACTIVE,,
LP147973-4,5965.0,Fagus grandifolia Ab.IgE,American Beech (Fagus grandifolia) IgE,ACTIVE,,
LP148011-2,5965.0,Populus deltoides Ab.IgE,Cottonwood (Populus deltoides) IgE,ACTIVE,,
LP148041-9,5919.0,Anthoxanthum odoratum Ab.IgE,Sweet Vernal grass (Anthoxanthum odoratum) IgE,ACTIVE,,
LP307484-8,5804.0,Immunoglobulin light chains.kappa.free/Immunoglobulin light chains.lambda,Immunoglobulin light chains.kappa.free/Immunoglobulin light chains.lambda,ACTIVE,,
LP147735-7,5790.0,Sorghum halepense Ab.IgE,Johnson grass (Sorghum halepense) IgE,ACTIVE,,
LP147817-3,5778.0,Setomelanomma rostrata Ab.IgE,Setomelanomma rostrata IgE,ACTIVE,,
LP147754-8,5768.0,Epicoccum purpurascens Ab.IgE,Epicoccum purpurascens IgE,ACTIVE,,
LP286646-7,5751.0,Neutrophils.hypersegmented/100 leukocytes,Neutrophils.hypersegmented/100 leukocytes,ACTIVE,,
LP38215-7,5691.0,Galactomannan Ag,Galactomannan Ag,ACTIVE,,
LP148053-4,5690.0,Carya illinoinensis tree Ab.IgE,Pecan or Hickory Tree (Carya illinoinensis tree) IgE,ACTIVE,,
LP147995-7,5624.0,Dog epithelium Ab.IgE,Dog epithelium IgE,ACTIVE,,
LP148003-9,5594.0,Blatella germanica Ab.IgE,Cockroach (Blatella germanica) IgE,ACTIVE,,
LP147993-2,5559.0,Acremonium sp Ab.IgE,Acremonium sp IgE,ACTIVE,,
LP148178-9,5526.0,Juglans california Ab.IgE,California Walnut (Juglans california) IgE,ACTIVE,,
LP147834-8,5454.0,Phoma betae Ab.IgE,Phoma betae IgE,ACTIVE,,
LP308043-1,5361.0,Tobramycin^trough,Tobramycin^trough,ACTIVE,,
LP40007-4,5360.0,Thyrotropin receptor Ab,Thyrotropin receptor Ab,ACTIVE,,
LP15660-1,5355.0,IgG subclass 4,IgG subclass 4,ACTIVE,,
LP38325-4,5348.0,Hepatitis B virus core Ab.IgM,Hepatitis B virus core IgM,ACTIVE,,
LP147753-0,5298.0,Curvularia lunata Ab.IgE,Curvularia lunata IgE,ACTIVE,,
LP148024-5,5293.0,Plantago lanceolata Ab.IgE,English plantain (Plantago lanceolata) IgE,ACTIVE,,
LP39313-9,5238.0,Parvovirus B19 Ab.IgM,Parvovirus B19 IgM,ACTIVE,,
LP39312-1,5230.0,Parvovirus B19 Ab.IgG,Parvovirus B19 IgG,ACTIVE,,
LP147537-7,5208.0,Alnus incana Ab.IgE,Grey Alder (Alnus incana) IgE,ACTIVE,,
LP148055-9,5207.0,Chenopodium album Ab.IgE,Goosefoot (Chenopodium album) IgE,ACTIVE,,
LP148144-1,5183.0,Mucor racemosus Ab.IgE,Mucor racemosus IgE,ACTIVE,,
LP147755-5,5126.0,Fusarium moniliforme Ab.IgE,Fusarium moniliforme IgE,ACTIVE,,
LP174093-7,5077.0,Thyroid stimulating immunoglobulins actual/Normal,Thyroid stimulating immunoglobulins actual/Normal,ACTIVE,,
LP147538-5,4971.0,Platanus acerifolia Ab.IgE,London Plane (Platanus acerifolia) IgE,ACTIVE,,
LP307480-6,4928.0,IgG/Albumin,IgG/Albumin,ACTIVE,,
LP147968-4,4915.0,Aureobasidium pullulans Ab.IgE,Aureobasidium pullulans IgE,ACTIVE,,
LP228691-4,4878.0,Hydroxyethylflurazepam cutoff,Hydroxyethylflurazepam cutoff,ACTIVE,,
LP229096-5,4878.0,N-desalkylflurazepam cutoff,N-desalkylflurazepam cutoff,ACTIVE,,
LP64929-0,4878.0,Alpha hydroxytriazolam,Alpha hydroxytriazolam,ACTIVE,,
LP148099-7,4875.0,Rhizopus nigricans Ab.IgE,Rhizopus nigricans IgE,ACTIVE,,
LP148002-1,4834.0,Xanthium commune Ab.IgE,Cocklebur (Xanthium commune) IgE,ACTIVE,,
LP147818-1,4819.0,Liquidambar styraciflua Ab.IgE,Sweet gum (Liquidambar styraciflua) IgE,ACTIVE,,
LP148102-9,4804.0,Salix caprea Ab.IgE,Willow (Salix caprea) IgE,ACTIVE,,
LP37881-7,4641.0,Cytomegalovirus Ab.IgM,Cytomegalovirus IgM,ACTIVE,,
LP14442-5,4558.0,Cells.CD3,CD3 cells,ACTIVE,,
LP38373-4,4557.0,Herpes simplex virus 1+2 Ab.IgG,Herpes simplex virus 1+2 IgG,ACTIVE,,
LP15657-7,4522.0,IgG subclass 1,IgG subclass 1,ACTIVE,,
LP35076-6,4484.0,Mitogen stimulated gamma interferon,Mitogen stimulated gamma interferon,ACTIVE,,
LP15658-5,4436.0,IgG subclass 2,IgG subclass 2,ACTIVE,,
LP15659-3,4436.0,IgG subclass 3,IgG subclass 3,ACTIVE,,
LP15022-4,4240.0,Beta+gamma tocopherol,Beta+gamma tocopherol,ACTIVE,,
LP38741-2,4151.0,Jo-1 extractable nuclear Ab,Jo-1 extractable nuclear Ab,ACTIVE,,
LP307397-2,3987.0,Creatine kinase.MB/Creatine kinase.total,Creatine kinase.MB/Creatine kinase.total,ACTIVE,,
LP32724-4,3979.0,Platelet factor 4 heparin complex induced Ab,Platelet factor 4 heparin complex induced Ab,ACTIVE,,
LP15428-3,3944.4,Base deficit,Base deficit,ACTIVE,,
LP36948-5,3892.0,Acetylcholine receptor binding Ab,Acetylcholine receptor binding Ab,ACTIVE,,
LP284917-4,3710.0,Alkaline phosphatase.liver/Alkaline phosphatase.total,Alkaline phosphatase.liver/Alkaline phosphatase.total,ACTIVE,,
LP284909-1,3708.0,Alkaline phosphatase.bone/Alkaline phosphatase.total,Alkaline phosphatase.bone/Alkaline phosphatase.total,ACTIVE,,
LP306354-4,3649.0,Insulin^post CFst,Insulin^post CFst,ACTIVE,,
LP307838-5,3636.0,Amikacin^trough,Amikacin^trough,ACTIVE,,
LP286181-5,3582.5,Hemoglobin S/Hemoglobin.total,Hemoglobin S/Hemoglobin.total,ACTIVE,,
LP148033-6,3551.0,Acer negundo Ab.IgE,Boxelder (Acer negundo) IgE,ACTIVE,,
LP35730-8,3517.0,Collagen crosslinked C-telopeptide,Collagen crosslinked C-telopeptide,ACTIVE,,
LP307356-8,3434.0,Calcium.ionized^^adjusted to pH 7.4,Calcium.ionized^^adjusted to pH 7.4,ACTIVE,,
LP285415-8,3302.0,Cells.CD3/100 cells,Cells.CD3/100 cells,ACTIVE,,
LP286979-2,3249.0,Reticulocytes.immature/Reticulocytes.total,Reticulocytes.immature/Reticulocytes.total,ACTIVE,,
LP38425-2,3122.5,HIV 1 RNA,HIV 1 RNA,ACTIVE,,
LP29040-0,3074.0,Complement total hemolytic CH50,Complement total hemolytic CH50,ACTIVE,,
LP148137-5,3001.0,Maple Ab.IgE,Maple IgE,ACTIVE,,
LP31519-9,2997.0,Beta 2 globulin,Beta 2 globulin,ACTIVE,,
LP39927-6,2946.0,Strongyloides sp Ab.IgG,Strongyloides sp IgG,ACTIVE,,
LP309826-8,2885.0,Acetylcholine receptor blocking Ab/Acetylcholine Ab.total,Acetylcholine receptor blocking Ab/Acetylcholine Ab.total,ACTIVE,,
LP250608-9,2878.0,Streptococcus pneumoniae Danish serotype 7F Ab.IgG,Streptococcus pneumoniae Danish serotype 7F IgG,ACTIVE,,
LP250614-7,2878.0,Streptococcus pneumoniae Danish serotype 18C Ab.IgG,Streptococcus pneumoniae Danish serotype 18C IgG,ACTIVE,,
LP34568-3,2781.4,Norbuprenorphine,Norbuprenorphine,ACTIVE,,
LP250607-1,2775.0,Streptococcus pneumoniae Danish serotype 6B Ab.IgG,Streptococcus pneumoniae Danish serotype 6B IgG,ACTIVE,,
LP305900-5,2712.0,Glucose^1H post XXX challenge,Glucose^1H post XXX challenge,ACTIVE,,
LP305953-4,2709.0,Glucose^2H post XXX challenge,Glucose^2H post XXX challenge,ACTIVE,,
LP305990-6,2676.0,Glucose^3H post 100 g glucose PO,Glucose^3H post 100 g glucose PO,ACTIVE,,
LP38318-9,2595.0,Hepatitis A virus Ab.IgM,Hepatitis A virus IgM,ACTIVE,,
LP39923-5,2595.0,Streptolysin O Ab,Streptolysin O Ab,ACTIVE,,
LP40013-2,2585.0,Tissue transglutaminase Ab.IgG,Tissue Transglutaminase IgG,ACTIVE,,
LP308391-4,2572.0,Mycobacterium tuberculosis stimulated gamma interferon release by CD4+ and CD8+ T-cells^^corrected for background,Mycobacterium tuberculosis stimulated gamma interferon release by CD4+ and CD8+ T-cells^^corrected for background,ACTIVE,,
LP308392-2,2572.0,Mycobacterium tuberculosis stimulated gamma interferon release by CD4+ T-cells^^corrected for background,Mycobacterium tuberculosis stimulated gamma interferon release by CD4+ T-cells^^corrected for background,ACTIVE,,
LP39856-7,2482.0,Streptococcus pneumoniae 19 Ab.IgG,Streptococcus pneumoniae 19 IgG,DEPRECATED,,
LP39866-6,2482.0,Streptococcus pneumoniae 23 Ab.IgG,Streptococcus pneumoniae 23 IgG,DEPRECATED,,
LP38714-9,2466.0,Invasive trophoblast Ag,Invasive trophoblast Ag,ACTIVE,,
LP18888-5,2463.5,Alpha hydroxyalprazolam,Alpha hydroxyalprazolam,ACTIVE,,
LP38244-7,2436.0,Gliadin Ab.IgA,Gliadin IgA,ACTIVE,,
LP38374-2,2388.0,Herpes simplex virus 1+2 Ab.IgM,Herpes simplex virus 1+2 IgM,ACTIVE,,
LP39841-9,2381.0,Streptococcus pneumoniae 1 Ab.IgG,Streptococcus pneumoniae 1 IgG,DEPRECATED,,
LP39843-5,2379.0,Streptococcus pneumoniae 12 Ab.IgG,Streptococcus pneumoniae 12 IgG,DEPRECATED,,
LP39847-6,2379.0,Streptococcus pneumoniae 14 Ab.IgG,Streptococcus pneumoniae 14 IgG,DEPRECATED,,
LP39872-4,2379.0,Streptococcus pneumoniae 3 Ab.IgG,Streptococcus pneumoniae 3 IgG,DEPRECATED,,
LP39878-1,2379.0,Streptococcus pneumoniae 4 Ab.IgG,Streptococcus pneumoniae 4 IgG,DEPRECATED,,
LP39881-5,2379.0,Streptococcus pneumoniae 5 Ab.IgG,Streptococcus pneumoniae 5 IgG,DEPRECATED,,
LP39907-8,2379.0,Streptococcus pneumoniae 8 Ab.IgG,Streptococcus pneumoniae 8 IgG,DEPRECATED,,
LP39909-4,2379.0,Streptococcus pneumoniae 9 Ab.IgG,Streptococcus pneumoniae 9 IgG,DEPRECATED,,
LP250619-6,2379.0,Streptococcus pneumoniae Danish serotype 9V Ab.IgG,Streptococcus pneumoniae Danish serotype 9V IgG,ACTIVE,,
LP19492-5,2310.0,Thiopurine methyltransferase,Thiopurine methyltransferase,ACTIVE,,
LP307395-6,2289.0,Cortisol^AM peak specimen,Cortisol^AM peak specimen,ACTIVE,,
LP284920-8,2154.0,Alkaline phosphatase.other fractions/Alkaline phosphatase.total,Alkaline phosphatase.other fractions/Alkaline phosphatase.total,ACTIVE,,
LP285334-1,2027.0,Cells.CD19/100 cells,Cells.CD19/100 cells,ACTIVE,,
LP36603-6,1950.0,Lipoprotein.beta.subparticle.small,Lipoprotein.beta.subparticle.small,ACTIVE,,
LP38700-8,1925.0,Insulin human Ab,Insulin human Ab,ACTIVE,,
LP285811-8,1835.0,Cortisol.free/Creatinine,Cortisol.free/Creatinine,ACTIVE,,
LP37536-7,1808.0,Cardiolipin Ab.IgA,Cardiolipin IgA,ACTIVE,,
LP307833-6,1803.0,Amikacin^peak,Amikacin^peak,ACTIVE,,
LP307333-7,1800.0,Aldosterone/Renin,Aldosterone/Renin,ACTIVE,,
LP32721-0,1765.0,Vascular endothelial growth factor,Vascular endothelial growth factor,ACTIVE,,
LP286506-3,1724.0,Metanephrine/Creatinine,Metanephrine/Creatinine,ACTIVE,,
LP286684-8,1724.0,Normetanephrine/Creatinine,Normetanephrine/Creatinine,ACTIVE,,
LP19251-5,1686.0,Lipoprotein.beta.subparticle,Lipoprotein.beta.subparticle,ACTIVE,,
LP40024-9,1674.0,Toxoplasma gondii Ab.IgM,Toxoplasma gondii IgM,ACTIVE,,
LP38316-3,1661.0,Hepatitis A virus Ab,Hepatitis A virus Ab,ACTIVE,,
LP36605-1,1570.0,Lipoprotein.alpha.subparticle.large,Lipoprotein.alpha.subparticle.large,ACTIVE,,
LP285822-5,1524.0,Creatine kinase.BB/Creatine kinase.total,Creatine kinase.BB/Creatine kinase.total,ACTIVE,,
LP285826-6,1524.0,Creatine kinase.MM/Creatine kinase.total,Creatine kinase.MM/Creatine kinase.total,ACTIVE,,
LP37234-9,1521.0,Basement membrane Ab.IgG,Basement membrane IgG,ACTIVE,,
LP40113-0,1478.5,Varicella zoster virus Ab.IgM,Varicella zoster virus IgM,ACTIVE,,
LP308038-1,1474.0,Tobramycin^peak,Tobramycin^peak,ACTIVE,,
LP37716-5,1467.0,Clostridium tetani Ab.IgG,Clostridium tetani IgG,ACTIVE,,
LP39127-3,1447.0,Myelin associated glycoprotein Ab.IgM,Myelin Associated Glycoprotein IgM,ACTIVE,,
LP38251-2,1416.5,Glutamate decarboxylase 65 Ab,Glutamate decarboxylase 65 Ab,ACTIVE,,
LP39752-8,1401.0,Sjogrens syndrome-A extractable nuclear Ab.IgG,Sjogrens syndrome-A extractable Nuclear IgG,ACTIVE,,
LP38409-6,1396.0,Histoplasma capsulatum Ag,Histoplasma capsulatum Ag,ACTIVE,,
LP285823-3,1358.0,Creatine kinase.macromolecular.type 1/Creatine kinase.total,Creatine kinase.macromolecular.type 1/Creatine kinase.total,ACTIVE,,
LP285824-1,1358.0,Creatine kinase.macromolecular.type 2/Creatine kinase.total,Creatine kinase.macromolecular.type 2/Creatine kinase.total,ACTIVE,,
LP284814-3,1357.0,5-Hydroxyindoleacetate/Creatinine,5-Hydroxyindoleacetate/Creatinine,ACTIVE,,
LP20874-1,1314.0,Alkaline phosphatase.other fractions,Alkaline phosphatase.other fractions,ACTIVE,,
LP286211-0,1306.0,Histamine/Creatinine,Histamine/Creatinine,ACTIVE,,
LP14441-7,1302.0,Cells.CD3+CD4+,CD3+CD4+ (T4 helper) cells,ACTIVE,,
LP285423-2,1300.0,Cells.CD3+CD4+/100 cells,Cells.CD3+CD4+/100 cells,ACTIVE,,
LP37860-1,1288.0,Cyclic citrullinated peptide Ab.IgG,Cyclic Citrullinated Peptide IgG,ACTIVE,,
LP17728-4,1268.0,Cells.CD3+CD8+,CD3+CD8+ (T8 suppressor cells) cells,ACTIVE,,
LP37265-3,1268.0,Beta 2 glycoprotein 1 Ab.IgA,Beta 2 glycoprotein 1 IgA,ACTIVE,,
LP285424-0,1266.0,Cells.CD3+CD4+/Cells.CD3+CD8+,Cells.CD3+CD4+/Cells.CD3+CD8+,ACTIVE,,
LP18578-2,1263.0,Pituitary glycoprotein hormone.alpha subunit,Pituitary glycoprotein hormone.alpha subunit,ACTIVE,,
LP39758-5,1262.0,Smith extractable nuclear Ab.IgG,Smith extractable nuclear IgG,ACTIVE,,
LP29072-3,1261.0,Inhibin B,Inhibin B,ACTIVE,,
LP14797-2,1253.0,Complement C1 esterase inhibitor,Complement C1 esterase inhibitor,ACTIVE,,
LP18687-1,1247.0,Cells.CD3-CD19+,CD3-CD19+ cells,ACTIVE,,
LP36604-4,1236.0,Lipoprotein.pre-beta.subparticle.large,Lipoprotein.pre-beta.subparticle.large,ACTIVE,,
LP285151-9,1233.5,Blasts/100 leukocytes,Blasts/100 leukocytes,ACTIVE,,
LP308143-9,1226.0,Complement C1 esterase inhibitor.functional/Complement C1 esterase inhibitor.total,Complement C1 esterase inhibitor.functional/Complement C1 esterase inhibitor.total,ACTIVE,,
LP39570-4,1194.0,Ribonucleoprotein extractable nuclear Ab.IgG,Ribonucleoprotein extractable nuclear IgG,ACTIVE,,
LP286329-0,1192.0,Lactate dehydrogenase 1/Lactate dehydrogenase.total,Lactate dehydrogenase 1/Lactate dehydrogenase.total,ACTIVE,,
LP286330-8,1192.0,Lactate dehydrogenase 2/Lactate dehydrogenase.total,Lactate dehydrogenase 2/Lactate dehydrogenase.total,ACTIVE,,
LP286331-6,1192.0,Lactate dehydrogenase 3/Lactate dehydrogenase.total,Lactate dehydrogenase 3/Lactate dehydrogenase.total,ACTIVE,,
LP286332-4,1192.0,Lactate dehydrogenase 4/Lactate dehydrogenase.total,Lactate dehydrogenase 4/Lactate dehydrogenase.total,ACTIVE,,
LP286333-2,1192.0,Lactate dehydrogenase 5/Lactate dehydrogenase.total,Lactate dehydrogenase 5/Lactate dehydrogenase.total,ACTIVE,,
LP29017-8,1192.0,Cells.CD4+CD45+,CD4+CD45+ cells,ACTIVE,,
LP21159-6,1191.0,Cells.CD4+CD45RA+,CD4+CD45RA+ cells,ACTIVE,,
LP285503-1,1190.0,Cells.CD4+CD45+/100 cells,Cells.CD4+CD45+/100 cells,ACTIVE,,
LP285529-6,1190.0,Cells.CD45RA/100 cells,Cells.CD45RA/100 cells,ACTIVE,,
LP28729-9,1184.0,Cells.HLA-DR+,HLA-DR+ cells,ACTIVE,,
LP287195-4,1179.0,Testosterone.free/Testosterone.total,Testosterone.free/Testosterone.total,ACTIVE,,
LP17750-8,1173.0,Cells.CD2,CD2 cells,ACTIVE,,
LP17749-0,1171.0,Cells.CD19,CD19 cells,ACTIVE,,
LP305944-3,1158.0,Glucose^2H post 75 g glucose PO,Glucose^2H post 75 g glucose PO,ACTIVE,,
LP39755-1,1153.0,Sjogrens syndrome-B extractable nuclear Ab.IgG,Sjogrens syndrome-B extractable nuclear IgG,ACTIVE,,
LP39024-2,1152.0,Mitochondria M2 Ab.IgG,Mitochondria M2 IgG,ACTIVE,,
LP285221-0,1062.0,Carnitine esters/Carnitine.free (C0),Carnitine esters/Carnitine.free (C0),ACTIVE,,
LP286167-4,1062.0,Hemoglobin F/Hemoglobin.total,Hemoglobin F/Hemoglobin.total,ACTIVE,,
LP36962-6,1052.0,Actin.smooth muscle Ab.IgG,Actin smooth muscle IgG,ACTIVE,,
LP38245-4,994.5,Gliadin Ab.IgG,Gliadin IgG,ACTIVE,,
LP15100-8,994.0,Blasts,Blasts,ACTIVE,,
LP38403-9,956.0,Histone Ab.IgG,Histone IgG,ACTIVE,,
LP38075-5,949.0,Epstein Barr virus nuclear Ab.IgG,Epstein Barr virus nuclear IgG,ACTIVE,,
LP40089-2,946.0,U1 small nuclear ribonucleoprotein Ab.IgG,U1 Small Nuclear Ribonucleoprotein IgG,ACTIVE,,
LP65875-4,946.0,Epstein Barr virus early diffuse Ab.IgG,Epstein Barr virus early diffuse IgG,ACTIVE,,
LP285929-8,932.0,DOPamine/Creatinine,DOPamine/Creatinine,ACTIVE,,
LP285966-0,932.0,EPINEPHrine/Creatinine,EPINEPHrine/Creatinine,ACTIVE,,
LP286678-0,932.0,Norepinephrine/Creatinine,Norepinephrine/Creatinine,ACTIVE,,
LP306667-9,912.0,Proinsulin^post 12H CFst,Proinsulin^post 12H CFst,ACTIVE,,
LP229778-8,872.0,Tapentadol cutoff,Tapentadol cutoff,ACTIVE,,
LP305333-9,862.0,Cortisol^1H post dose corticotropin,Cortisol^1H post dose corticotropin,ACTIVE,,
LP287356-2,855.0,Valproate.free/Valproate.total,Valproate.free/Valproate.total,ACTIVE,,
LP305380-0,853.0,Cortisol^30M post dose corticotropin,Cortisol^30M post dose corticotropin,ACTIVE,,
LP39757-7,851.0,Smith extractable nuclear Ab,Smith extractable nuclear Ab,ACTIVE,,
LP39534-0,847.0,Rabies virus Ab.IgG,Rabies virus IgG,ACTIVE,,
LP38335-3,822.5,Hepatitis C virus RNA,Hepatitis C virus RNA,ACTIVE,,
LP15893-8,816.0,Thyrotropin binding inhibitory immunoglobulins,Thyrotropin binding inhibitory immunoglobulins,ACTIVE,,
LP305459-2,806.0,Cortisol^baseline,Cortisol^baseline,ACTIVE,,
LP39057-2,798.0,Muscle specific receptor tyrosine kinase Ab,Muscle specific receptor tyrosine kinase Ab,ACTIVE,,
LP249064-9,792.0,Streptococcus pneumoniae Danish serotype 3 Ab.IgG,Streptococcus pneumoniae Danish serotype 3 IgG,ACTIVE,,
LP249083-9,792.0,Streptococcus pneumoniae Danish serotype 8 Ab.IgG,Streptococcus pneumoniae Danish serotype 8 IgG,ACTIVE,,
LP308053-0,778.0,Vancomycin^peak,Vancomycin^peak,ACTIVE,,
LP39051-5,767.0,Mumps virus Ab.IgM,Mumps virus IgM,ACTIVE,,
LP16352-4,763.0,Complement C1q,Complement C1q,ACTIVE,,
LP39107-5,748.0,Mycoplasma pneumoniae Ab.IgM,Mycoplasma pneumoniae IgM,ACTIVE,,
LP37311-5,737.0,Bordetella pertussis Ab.IgG,Bordetella pertussis IgG,ACTIVE,,
LP39648-8,727.0,Saccharomyces cerevisiae Ab.IgA,Baker's yeast (Saccharomyces cerevisiae) IgA,ACTIVE,,
LP39632-2,724.0,Rubella virus Ab.IgM,Rubella virus IgM,ACTIVE,,
LP15892-0,723.0,Thyroid stimulating immunoglobulins,Thyroid stimulating immunoglobulins,ACTIVE,,
LP37373-5,698.0,Borrelia burgdorferi C6 Ab,Borrelia burgdorferi C6 Ab,ACTIVE,,
LP286744-0,695.0,Other cells/100 leukocytes,Other cells/100 leukocytes,ACTIVE,,
LP37104-4,673.0,Asialoganglioside GM1 Ab,Asialoganglioside GM1 Ab,ACTIVE,,
LP15518-1,672.0,Cobalamins.unsaturated binding capacity,Cyanocobalamin.unsaturated Binding Capacity,ACTIVE,,
LP37783-5,671.0,Corynebacterium diphtheriae Ab.IgG,Corynebacterium diphtheriae IgG,ACTIVE,,
LP286161-7,660.5,Hemoglobin C/Hemoglobin.total,Hemoglobin C/Hemoglobin.total,ACTIVE,,
LP38278-5,644.0,Haemophilus influenzae B Ab.IgG,Haemophilus influenzae B IgG,ACTIVE,,
LP38717-2,643.0,Islet cell 512 Ab,Islet cell 512 Ab,ACTIVE,,
LP147974-2,637.0,Beef Ab.IgE,Beef IgE,ACTIVE,,
LP285827-4,637.0,Creatine/Creatinine,Creatine/Creatinine,ACTIVE,,
LP147562-5,633.0,Latex Ab.IgE,Latex Ige,ACTIVE,,
LP148122-7,630.0,Pork Ab.IgE,Pork IgE,ACTIVE,,
LP38306-4,627.0,Helicobacter pylori Ab.IgM,Helicobacter pylori IgM,ACTIVE,,
LP37279-4,619.0,BK virus DNA,BK virus DNA,ACTIVE,,
LP38067-2,619.0,Epstein Barr virus DNA,Epstein Barr virus DNA,ACTIVE,,
LP285198-0,613.0,Calcium/Creatinine,Calcium/Creatinine,ACTIVE,,
LP71470-6,610.0,RNA polymerase III Ab,RNA polymerase III Ab,ACTIVE,,
LP37939-3,604.0,DNA single strand Ab.IgG,DNA Single Strand IgG,ACTIVE,,
LP37117-6,581.0,Aspergillus fumigatus Ab.IgG,Aspergillus fumigatus IgG,ACTIVE,,
LP39650-4,564.0,Saccharomyces cerevisiae Ab.IgG,Baker's yeast (Saccharomyces cerevisiae) IgG,ACTIVE,,
LP38219-9,561.0,Ganglioside GD1a Ab,Ganglioside GD1a Ab,ACTIVE,,
LP38231-4,561.0,Ganglioside GQ1b Ab,Ganglioside GQ1b Ab,ACTIVE,,
LP38222-3,560.0,Ganglioside GD1b Ab,Ganglioside GD1b Ab,ACTIVE,,
LP39718-9,558.0,Schistosoma sp Ab.IgG,Schistosoma sp IgG,ACTIVE,,
LP147632-6,510.0,(Chicken feather+Duck feather+Goose feather+Parrot feather) Ab.IgE,Epidermal Allergen Mix 73 (Chicken feather+Duck feather+Goose feather+Parrot feather) IgE,ACTIVE,,
LP15347-5,495.0,Alkaline phosphatase.bone,Alkaline phosphatase.bone,ACTIVE,,
LP17850-6,494.0,Rheumatoid factor.IgM,Rheumatoid factor IgM,ACTIVE,,
LP14690-9,486.0,Acid phosphatase.prostatic,Acid phosphatase.prostatic,ACTIVE,,
LP14886-3,482.5,Lipoprotein (little a),Lipoprotein a,ACTIVE,,
LP286166-6,460.0,Hemoglobin E/Hemoglobin.total,Hemoglobin E/Hemoglobin.total,ACTIVE,,
LP102314-4,445.0,PM-SCL-100 Ab.IgG,PM-SCL-100 IgG,ACTIVE,,
LP121194-7,439.0,Nortapentadol,Nortapentadol,ACTIVE,,
LP38546-5,438.0,Human antimouse Ab,Human antimouse Ab,ACTIVE,,
LP286807-5,436.0,Phosphate/Creatinine,Phosphate/Creatinine,ACTIVE,,
LP38960-8,429.0,Liver kidney microsomal 1 Ab.IgG,Liver Kidney Microsomal 1 IgG,ACTIVE,,
LP102618-8,415.0,Aquaporin 4 water channel Ab,Aquaporin 4 water channel Ab,ACTIVE,,
LP37310-7,398.0,Bordetella pertussis Ab.IgA,Bordetella pertussis IgA,ACTIVE,,
LP69893-3,397.0,Sjogrens syndrome-A extractable nuclear 60kD Ab,Sjogrens syndrome-A extractable nuclear 60kD Ab,ACTIVE,,
LP249034-2,396.0,Streptococcus pneumoniae Danish serotype 1 Ab.IgG,Streptococcus pneumoniae Danish serotype 1 IgG,ACTIVE,,
LP249037-5,396.0,Streptococcus pneumoniae Danish serotype 12F Ab.IgG,Streptococcus pneumoniae Danish serotype 12F IgG,ACTIVE,,
LP249040-9,396.0,Streptococcus pneumoniae Danish serotype 14 Ab.IgG,Streptococcus pneumoniae Danish serotype 14 IgG,ACTIVE,,
LP249047-4,396.0,Streptococcus pneumoniae Danish serotype 19F Ab.IgG,Streptococcus pneumoniae Danish serotype 19F IgG,ACTIVE,,
LP249059-9,396.0,Streptococcus pneumoniae Danish serotype 23F Ab.IgG,Streptococcus pneumoniae Danish serotype 23F IgG,ACTIVE,,
LP249070-6,396.0,Streptococcus pneumoniae Danish serotype 4 Ab.IgG,Streptococcus pneumoniae Danish serotype 4 IgG,ACTIVE,,
LP253575-7,396.0,Streptococcus pneumoniae Danish serotype 5 Ab.IgG,Streptococcus pneumoniae Danish serotype 5 IgG,ACTIVE,,
LP65263-3,394.0,Cholesterol.in IDL+Cholesterol.in VLDL 3,Cholesterol in IDL+Cholesterol in VLDL 3,ACTIVE,,
LP33205-3,393.0,Cholesterol.in lipoprotein (little a),Cholesterol. in Lipoprotein (a),ACTIVE,,
LP36918-8,393.0,21-hydroxylase Ab,21-hydroxylase Ab,ACTIVE,,
LP56926-6,393.0,Cholesterol.in VLDL 3,Cholesterol in VLDL 3,ACTIVE,,
LP18021-3,392.0,Cholesterol.in HDL 2,Cholesterol in HDL 2,ACTIVE,,
LP18022-1,392.0,Cholesterol.in HDL 3,Cholesterol in HDL 3,ACTIVE,,
LP39572-0,391.0,Ribosomal P Ab,Ribosomal P Ab,ACTIVE,,
LP37907-0,384.0,Dengue virus Ab.IgG,Dengue virus IgG,ACTIVE,,
LP287167-3,365.0,Synovial lining cells/100 cells,Synovial lining cells/100 cells,ACTIVE,,
LP37908-8,357.0,Dengue virus Ab.IgM,Dengue virus IgM,ACTIVE,,
LP18182-3,343.0,Protein fractions.oligoclonal bands,Protein fractions.oligoclonal bands,ACTIVE,,
LP284914-1,343.0,Alkaline phosphatase.intestinal/Alkaline phosphatase.total,Alkaline phosphatase.intestinal/Alkaline phosphatase.total,ACTIVE,,
LP284919-0,343.0,Alkaline phosphatase.macrohepatic/Alkaline phosphatase.total,Alkaline phosphatase.macrohepatic/Alkaline phosphatase.total,ACTIVE,,
LP284922-4,343.0,Alkaline phosphatase.placental/Alkaline phosphatase.total,Alkaline phosphatase.placental/Alkaline phosphatase.total,ACTIVE,,
LP309827-6,338.0,Acetylcholine receptor modulation Ab/Acetylcholine Ab.total,Acetylcholine receptor modulation Ab/Acetylcholine Ab.total,ACTIVE,,
LP286492-6,337.0,Mercury/Creatinine,Mercury/Creatinine,ACTIVE,,
LP136073-6,331.0,PCA3 score,PCA3 score,ACTIVE,,
LP286188-0,322.0,Heptacarboxylate/Creatinine,Heptacarboxylate/Creatinine,ACTIVE,,
LP38304-9,322.0,Helicobacter pylori Ab.IgA,Helicobacter pylori IgA,ACTIVE,,
LP37323-0,320.0,Bordetella pertussis.pertussis toxin Ab.IgA,Bordetella pertussis.pertussis toxin Ab.IgA,ACTIVE,,
LP287345-5,318.0,Uroporphyrin/Creatinine,Uroporphyrin/Creatinine,ACTIVE,,
LP285800-1,307.0,Coproporphyrin 1/Creatinine,Coproporphyrin 1/Creatinine,ACTIVE,,
LP285804-3,307.0,Coproporphyrin 3/Creatinine,Coproporphyrin 3/Creatinine,ACTIVE,,
LP285799-5,306.0,Copper/Creatinine,Copper/Creatinine,ACTIVE,,
LP37442-8,292.0,Brucella sp Ab.IgM,Brucella sp IgM,ACTIVE,,
LP286839-8,291.0,Plasma cells/100 leukocytes,Plasma cells/100 leukocytes,ACTIVE,,
LP37441-0,291.0,Brucella sp Ab.IgG,Brucella sp IgG,ACTIVE,,
LP40023-1,288.5,Toxoplasma gondii Ab.IgG,Toxoplasma gondii IgG,ACTIVE,,
LP35390-1,288.0,Lipoprotein associated phospholipase A2,Lipoprotein associated phospholipase A2,ACTIVE,,
LP38225-6,287.0,Ganglioside GM1 Ab.IgG,Ganglioside GM1 IgG,ACTIVE,,
LP38227-2,285.0,Ganglioside GM1 Ab.IgM,Ganglioside GM1 IgM,ACTIVE,,
LP18561-8,281.0,Cells.CD16c+CD56+,CD16C+CD56+ cells,ACTIVE,,
LP285325-9,281.0,Cells.CD16+CD56+/100 cells,Cells.CD16+CD56+/100 cells,ACTIVE,,
LP38387-4,270.0,Herpes virus 6 Ab.IgG,Herpes virus 6 IgG,ACTIVE,,
LP40160-1,256.0,West Nile virus Ab.IgG,West Nile virus IgG,ACTIVE,,
LP71486-2,255.0,Basement membrane zone BP230 Ab,Basement membrane zone BP230 Ab,ACTIVE,,
LP147976-7,252.0,Cynodon dactylon Ab.IgE,Bermuda grass (Cynodon dactylon) IgE,ACTIVE,,
LP40161-9,250.0,West Nile virus Ab.IgM,West Nile virus IgM,ACTIVE,,
LP147743-1,247.0,Prunus dulcis Ab.IgE,Almond (Prunus dulcis) IgE,ACTIVE,,
LP64575-1,246.0,Calcidiol+Calciferol,Calcidiol+Calciferol,ACTIVE,,
LP15654-4,245.0,IgD,IgD,ACTIVE,,
LP38370-0,242.0,Herpes simplex virus 1 glycoprotein G Ab.IgG,Herpes simplex virus 1 glycoprotein G IgG,ACTIVE,,
LP38382-5,242.0,Herpes simplex virus 2 glycoprotein G Ab.IgG,Herpes simplex virus 2 glycoprotein G IgG,ACTIVE,,
LP147937-9,240.0,Platanus occidentalis Ab.IgE,American Sycamore (Platanus occidentalis) IgE,ACTIVE,,
LP305023-6,240.0,C peptide^post CFst,C peptide^post CFst,ACTIVE,,
LP147759-7,232.0,Artemisia vulgaris Ab.IgE,Mugwort (Artemisia vulgaris) IgE,ACTIVE,,
LP14709-7,227.0,Desethylamiodarone,Desethylamiodarone,ACTIVE,,
LP40151-0,223.0,Voltage-gated calcium channel Ab,Voltage-gated calcium channel Ab,ACTIVE,,
LP14309-6,222.0,Immune complex,Immune complex,ACTIVE,,
LP147729-0,219.0,Juniperus sabinoides Ab.IgE,Mountain Juniper (Juniperus sabinoides) IgE,ACTIVE,,
LP147835-5,219.0,Pigweed common Ab.IgE,Common Pigweed IgE,ACTIVE,,
LP148101-1,219.0,Rumex acetosella Ab.IgE,Sheep Sorrel (Rumex acetosella) IgE,ACTIVE,,
LP148142-5,219.0,Mouse epithelium Ab.IgE,Mouse epithelium IgE,ACTIVE,,
LP38697-6,219.0,Insulin Ab,Insulin Ab,ACTIVE,,
LP14658-6,218.5,Enolase.neuron specific,Enolase.neuron specific,ACTIVE,,
LP148083-1,216.0,Morus alba Ab.IgE,White Mulberry (Morus alba) IgE,ACTIVE,,
LP40015-7,215.0,Toxocara canis Ab,Toxocara canis Ab,ACTIVE,,
LP287362-0,211.0,Vanillylmandelate/Creatinine,Vanillylmandelate/Creatinine,ACTIVE,,
LP147727-4,210.0,Anacardium occidentale Ab.IgE,Cashew nut (Anacardium occidentale) IgE,ACTIVE,,
LP286353-0,206.0,Lead/Creatinine,Lead/Creatinine,ACTIVE,,
LP147749-8,205.0,Carya illinoinensis nut Ab.IgE,Pecan or Hickory Nut (Carya illinoinensis nut) IgE,ACTIVE,,
LP199549-9,202.0,Soluble liver Ab.IgG,Soluble liver IgG,ACTIVE,,
LP307505-0,202.0,Lecithin/Sphingomyelin,Lecithin/Sphingomyelin,ACTIVE,,
LP147744-9,199.0,Corylus avellana Ab.IgE,Hazelnut (Corylus avellana) IgE,ACTIVE,,
LP39008-5,197.0,Measles virus Ab.IgM,Measles virus IgM,ACTIVE,,
LP40155-1,197.0,Voltage-gated potassium channel Ab,Voltage-gated potassium channel Ab,ACTIVE,,
LP286560-0,187.0,Monocytes+Macrophages/100 leukocytes,Monocytes+Macrophages/100 leukocytes,ACTIVE,,
LP38036-7,183.0,Entamoeba histolytica Ab.IgG,Entamoeba histolytica IgG,ACTIVE,,
LP38642-2,183.0,Influenza virus A Ab.IgG,Influenza virus A IgG,ACTIVE,,
LP38643-0,183.0,Influenza virus A Ab.IgM,Influenza virus A IgM,ACTIVE,,
LP285029-7,182.0,Arsenic/Creatinine,Arsenic/Creatinine,ACTIVE,,
LP38690-1,181.0,Influenza virus B Ab.IgG,Influenza virus B IgG,ACTIVE,,
LP285794-6,180.0,Collagen crosslinked N-telopeptide/Creatinine,Collagen crosslinked N-telopeptide/Creatinine,ACTIVE,,
LP147736-5,178.0,Homarus gammarus Ab.IgE,Lobster (Homarus gammarus) IgE,ACTIVE,,
LP147746-4,178.0,Cancer pagurus Ab.IgE,Crab (Cancer pagurus) IgE,ACTIVE,,
LP147737-3,176.0,Thunnus albacares Ab.IgE,Tuna (Thunnus albacares) IgE,ACTIVE,,
LP286184-9,176.0,Hemoglobin.other/Hemoglobin.total,Hemoglobin.other/Hemoglobin.total,ACTIVE,,
LP287150-9,176.0,Suberate/Creatinine,Suberate/Creatinine,ACTIVE,,
LP286339-9,172.0,Lactate/Creatinine,Lactate/Creatinine,ACTIVE,,
LP286527-9,170.0,Methylmalonate/Creatinine,Methylmalonate/Creatinine,ACTIVE,,
LP14982-0,168.0,Amitriptyline+Nortriptyline,Amitriptyline+Nortriptyline,ACTIVE,,
LP38691-9,168.0,Influenza virus B Ab.IgM,Influenza virus B IgM,ACTIVE,,
LP286053-6,167.0,Fumarate/Creatinine,Fumarate/Creatinine,ACTIVE,,
LP18564-2,166.0,Collagen crosslinked N-telopeptide,Collagen crosslinked N-telopeptide,ACTIVE,,
LP284720-2,166.0,2-Oxoisocaproate/Creatinine,2-Oxoisocaproate/Creatinine,ACTIVE,,
LP284721-0,166.0,2-Oxoisovalerate/Creatinine,2-Oxoisovalerate/Creatinine,ACTIVE,,
LP284802-8,166.0,4-Hydroxyphenylacetate/Creatinine,4-Hydroxyphenylacetate/Creatinine,ACTIVE,,
LP284803-6,166.0,4-Hydroxyphenyllactate/Creatinine,4-Hydroxyphenyllactate/Creatinine,ACTIVE,,
LP284804-4,166.0,4-Hydroxyphenylpyruvate/Creatinine,4-Hydroxyphenylpyruvate/Creatinine,ACTIVE,,
LP284849-9,166.0,Acetoacetate/Creatinine,Acetoacetate/Creatinine,ACTIVE,,
LP284887-9,166.0,Adipate/Creatinine,Adipate/Creatinine,ACTIVE,,
LP286961-0,166.0,Pyruvate/Creatinine,Pyruvate/Creatinine,ACTIVE,,
LP287155-8,166.0,Succinate/Creatinine,Succinate/Creatinine,ACTIVE,,
LP287156-6,166.0,Succinylacetone/Creatinine,Succinylacetone/Creatinine,ACTIVE,,
LP285087-5,165.0,Beta hydroxybutyrate/Creatinine,Beta hydroxybutyrate/Creatinine,ACTIVE,,
LP228970-2,164.0,Methadone cutoff,Methadone cutoff,ACTIVE,,
LP37670-4,163.0,Chromatin Ab.IgG,Chromatin IgG,ACTIVE,,
LP284718-6,161.0,"2-Oxo,3-Methylvalerate/Creatinine","2-Oxo,3-Methylvalerate/Creatinine",ACTIVE,,
LP284950-5,161.0,Alpha ketoglutarate/Creatinine,Alpha ketoglutarate/Creatinine,ACTIVE,,
LP286012-2,161.0,Ethylmalonate/Creatinine,Ethylmalonate/Creatinine,ACTIVE,,
LP70588-6,161.0,Chitobioside Ab.IgA,Chitobioside IgA,ACTIVE,,
LP70589-4,161.0,Laminaribioside Ab.IgG,Laminaribioside IgG,ACTIVE,,
LP70590-2,161.0,Mannobioside Ab.IgG,Mannobioside IgG,ACTIVE,,
LP14684-2,158.5,Lysozyme,Lysozyme,ACTIVE,,
LP38320-5,156.5,Hepatitis B virus DNA,Hepatitis B virus DNA,ACTIVE,,
LP287012-1,156.0,Sebacate/Creatinine,Sebacate/Creatinine,ACTIVE,,
LP37499-8,155.0,Candida albicans Ab.IgG,Candida albicans IgG,ACTIVE,,
LP37502-9,155.0,Candida sp Ab.IgA,Candida sp IgA,ACTIVE,,
LP37504-5,155.0,Candida sp Ab.IgM,Candida sp IgM,ACTIVE,,
LP16084-3,145.0,Clomipramine+Norclomipramine,Clomipramine+Norclomipramine,ACTIVE,,
LP148042-7,136.0,Arachis hypogaea Ab.IgE,Peanut (Arachis hypogaea) IgE,ACTIVE,,
LP286666-5,136.0,N-methylhistamine/Creatinine,N-methylhistamine/Creatinine,ACTIVE,,
LP37280-2,134.0,Blastomyces dermatitidis Ab,Blastomyces dermatitidis Ab,ACTIVE,,
LP285767-2,133.0,Citrate/Creatinine,Citrate/Creatinine,ACTIVE,,
LP148114-4,130.0,Cow milk Ab.IgE,Cow milk IgE,ACTIVE,,
LP28565-7,130.0,Transferrin receptor.soluble,Transferrin receptor.soluble,ACTIVE,,
LP286284-7,130.0,Iodine/Creatinine,Iodine/Creatinine,ACTIVE,,
LP39381-6,130.0,Phosphatidylserine Ab.IgA,Phosphatidylserine IgA,ACTIVE,,
LP40408-4,130.0,Cytomegalovirus Ab.IgG avidity,Cytomegalovirus IgG Avidity,ACTIVE,,
LP39382-4,129.0,Phosphatidylserine Ab.IgG,Phosphatidylserine IgG,ACTIVE,,
LP39383-2,129.0,Phosphatidylserine Ab.IgM,Phosphatidylserine IgM,ACTIVE,,
LP16085-0,126.0,Norclomipramine,Norclomipramine,ACTIVE,,
LP306352-8,126.0,Insulin^baseline,Insulin^baseline,ACTIVE,,
LP38396-5,125.0,Herpes virus 8 DNA,Herpes virus 8 DNA,ACTIVE,,
LP305904-7,119.0,Glucose^1st specimen post XXX challenge,Glucose^1st specimen post XXX challenge,ACTIVE,,
LP305957-5,118.0,Glucose^2nd specimen post XXX challenge,Glucose^2nd specimen post XXX challenge,ACTIVE,,
LP40074-4,118.0,Trypanosoma cruzi Ab.IgG,Trypanosoma cruzi IgG,ACTIVE,,
LP70195-0,118.0,Isovalerylcarnitine+Methylbutyrylcarnitine (C5),Isovalerylcarnitine+Methylbutyrylcarnitine (C5),ACTIVE,,
LP37978-1,116.0,Echinococcus sp Ab.IgG,Echinococcus sp IgG,ACTIVE,,
LP147765-4,115.0,Pistacia vera Ab.IgE,Pistachio (Pistacia vera) IgE,ACTIVE,,
LP17948-8,115.0,Imipramine+Desipramine,Imipramine+Desipramine,ACTIVE,,
LP285187-3,113.0,C peptide/Creatinine,C peptide/Creatinine,ACTIVE,,
LP93517-8,110.0,Human epididymis protein 4,Human epididymis protein 4,ACTIVE,,
LP147747-2,109.0,Bertholletia excelsa Ab.IgE,Brazil Nut (Bertholletia excelsa) IgE,ACTIVE,,
LP29060-8,109.0,Palmitoleylcarnitine (C16:1),Palmitoleylcarnitine (C16:1),ACTIVE,,
LP306005-2,108.0,Glucose^3rd specimen post XXX challenge,Glucose^3rd specimen post XXX challenge,ACTIVE,,
LP28986-5,107.0,3-Hydroxypalmitoleylcarnitine (C16:1-OH),3-Hydroxypalmitoleylcarnitine (C16:1-OH),ACTIVE,,
LP287043-6,106.5,Sodium/Creatinine,Sodium/Creatinine,ACTIVE,,
LP15906-8,104.0,Transcortin,Transcortin,ACTIVE,,
LP148069-0,102.0,Glycine max Ab.IgE,Soybean (Glycine max) IgE,ACTIVE,,
LP306287-6,102.0,Insulin^30M post XXX challenge,Insulin^30M post XXX challenge,ACTIVE,,
LP15349-1,101.0,Alkaline phosphatase.liver,Alkaline phosphatase.liver,ACTIVE,,
LP147780-3,99.0,Triticum aestivum Ab.IgE,Wheat (Triticum aestivum) IgE,ACTIVE,,
LP18044-5,96.0,Growth hormone-releasing hormone,Growth hormone-releasing hormone,ACTIVE,,
LP15343-4,93.0,Fatty acids.very long chain.C24:0,Fatty acids.very long chain C24:0 (Tetracosanoate),ACTIVE,,
LP15345-9,93.0,Fatty acids.very long chain.C26:0,Fatty acids.very long chain C26:0 (Hexacosanoate),ACTIVE,,
LP28819-8,93.0,Fatty acids.very long chain.C24:0/C22:0,Fatty acids.very long chain.C24:0/C22:0,ACTIVE,,
LP28820-6,93.0,Fatty acids.very long chain.C26:0/C22:0,Fatty acids.very long chain.C26:0/C22:0,ACTIVE,,
LP307534-0,93.0,Pristanate/Phytanate,Pristanate/Phytanate,ACTIVE,,
LP307369-1,91.0,Cholesterol.in LDL/Cholesterol.in HDL,Cholesterol.in LDL/Cholesterol.in HDL,ACTIVE,,
LP147776-1,89.0,Apis mellifera Ab.IgE,Honey bee (Apis mellifera) Ab IgE,ACTIVE,,
LP285091-7,89.0,Beta-2-Microglobulin/Creatinine,Beta-2-Microglobulin/Creatinine,ACTIVE,,
LP307572-0,89.0,Trienoate/Arachidonate,Trienoate/Arachidonate,ACTIVE,,
LP33088-3,89.0,Docosapentaenate w3,Docosapentaenate (C22:5w3),ACTIVE,,
LP33089-1,89.0,Docosapentaenate w6,Docosapentaenate (C22:5w6),ACTIVE,,
LP147774-6,87.0,Vespula spp Ab.IgE,Yellow Jacket (Vespula spp) IgE,ACTIVE,,
LP71684-2,86.0,Centromere protein B Ab,Centromere protein B Ab,ACTIVE,,
LP148020-3,85.0,Egg white Ab.IgE,Egg white IgE,ACTIVE,,
LP148166-4,85.0,Pandalus borealis Ab.IgE,Shrimp (Pandalus borealis) IgE,ACTIVE,,
LP147777-9,84.0,Juglans spp Ab.IgE,Walnut (Juglans spp) IgE,ACTIVE,,
LP148095-5,84.0,Poa pratensis Ab.IgE,Kentucky blue grass (Poa pratensis) IgE,ACTIVE,,
LP18122-9,84.0,Arsenic.inorganic,Arsenic.inorganic,ACTIVE,,
LP36413-0,84.0,Arsenic.organic,Arsenic organic,ACTIVE,,
LP71241-1,84.0,Arsenic.methylated,Arsenic.methylated,ACTIVE,,
LP148008-8,79.0,Zea mays Ab.IgE,Corn (Zea mays) IgE,ACTIVE,,
LP40075-1,77.0,Trypanosoma cruzi Ab.IgM,Trypanosoma cruzi IgM,ACTIVE,,
LP39722-1,74.0,SCL-70 extractable nuclear Ab.IgG,SCL-70 extractable nuclear IgG,ACTIVE,,
LP40411-8,74.0,Filaria Ab.IgG4,Filaria IgG4,ACTIVE,,
LP147770-4,73.0,Lycopersicon lycopersicum Ab.IgE,Tomato (Lycopersicon lycopersicum) IgE,ACTIVE,,
LP284882-0,72.0,Adenosine triphosphate/Adenosine diphosphate,Adenosine triphosphate/Adenosine diphosphate,ACTIVE,,
LP93358-7,72.0,Fc epsilon RI + RII Ab,Fc epsilon RI + RII Ab,ACTIVE,,
LP147731-6,71.0,Gadus morhua Ab.IgE,Codfish (Gadus morhua) IgE,ACTIVE,,
LP287221-8,70.0,Thallium/Creatinine,Thallium/Creatinine,ACTIVE,,
LP14412-8,68.0,14-3-3 Ag,14-3-3 Ag,ACTIVE,,
LP15567-8,68.0,Fatty acids.nonesterified,Fatty acids.nonesterified,ACTIVE,,
LP307738-7,67.0,Platelet aggregation.adenosine diphosphate induced^5 umol/L,Platelet aggregation.adenosine diphosphate induced^5 umol/L,ACTIVE,,
LP39955-7,66.0,Taenia solium larva Ab.IgG,Taenia solium larva IgG,ACTIVE,,
LP147733-2,65.0,Pecten spp Ab.IgE,Scallop (Pecten spp) IgE,ACTIVE,,
LP148060-9,65.0,Citrus sinensis Ab.IgE,Orange (Citrus sinensis) IgE,ACTIVE,,
LP306275-1,65.0,Insulin^2H post XXX challenge,Insulin^2H post XXX challenge,ACTIVE,,
LP36979-0,65.0,Adenovirus Ab.IgG,Adenovirus IgG,ACTIVE,,
LP36980-8,65.0,Adenovirus Ab.IgM,Adenovirus IgM,ACTIVE,,
LP306593-7,64.0,Parathyrin.intact^30M post XXX challenge,Parathyrin.intact^30M post XXX challenge,ACTIVE,,
LP15360-8,61.0,Amylase.pancreatic,Amylase.pancreatic,ACTIVE,,
LP15364-0,61.0,Amylase.salivary,Amylase.salivary,ACTIVE,,
LP14716-2,60.0,Doxepin+Nordoxepin,Doxepin+Nordoxepin,ACTIVE,,
LP148064-1,59.0,Dolichovespula maculata Ab.IgE,Whitefaced Hornet (Dolichovespula maculata) IgE,ACTIVE,,
LP147748-0,58.0,Cocos nucifera Ab.IgE,Coconut (Cocos nucifera) IgE,ACTIVE,,
LP147779-5,58.0,Polistes spp Ab.IgE,Paper Wasp (Polistes spp) IgE,ACTIVE,,
LP36474-2,58.0,LDL 1,LDL 1,ACTIVE,,
LP56924-1,58.0,LDL 2,LDL 2,ACTIVE,,
LP56925-8,58.0,LDL 3,LDL 3,ACTIVE,,
LP63610-7,58.0,LDL 6,LDL 6,ACTIVE,,
LP63672-7,58.0,LDL 7,LDL 7,ACTIVE,,
LP65899-4,58.0,Lipoprotein midband A,Lipoprotein midband A,ACTIVE,,
LP65900-0,58.0,Lipoprotein midband B,Lipoprotein midband B,ACTIVE,,
LP65901-8,58.0,Lipoprotein midband C,Lipoprotein midband C,ACTIVE,,
LP97923-4,58.0,LDL 5,LDL 5,ACTIVE,,
LP147745-6,57.0,Dolichovespula arenaria Ab.IgE,Yellow Hornet (Dolichovespula arenaria) IgE,ACTIVE,,
LP148021-1,54.0,Egg yolk Ab.IgE,Egg yolk IgE,ACTIVE,,
LP147734-0,53.0,Ruditapes spp Ab.IgE,Clam (Ruditapes spp) IgE,ACTIVE,,
LP39106-7,51.0,Mycoplasma pneumoniae Ab.IgG,Mycoplasma pneumoniae IgG,ACTIVE,,
LP57671-7,51.0,Procollagen type I.N-terminal propeptide,Procollagen type I.N-terminal propeptide,ACTIVE,,
LP148104-5,50.0,Secale cereale Ab.IgE,Rye (Secale cereale) IgE,ACTIVE,,
LP285852-2,50.0,Cystine/Creatinine,Cystine/Creatinine,ACTIVE,,
LP36475-9,50.0,LDL 4,LDL 4,ACTIVE,,
LP39370-9,50.0,Phosphatidylethanolamine Ab.IgG,Phosphatidylethanolamine IgG,ACTIVE,,
LP40020-7,50.0,Toxocara sp Ab,Toxocara sp Ab,ACTIVE,,
LP147972-6,49.0,Hordeum vulgare Ab.IgE,Barley (Hordeum vulgare) IgE,ACTIVE,,
LP39369-1,49.0,Phosphatidylethanolamine Ab.IgA,Phosphatidylethanolamine IgA,ACTIVE,,
LP39371-7,49.0,Phosphatidylethanolamine Ab.IgM,Phosphatidylethanolamine IgM,ACTIVE,,
LP39372-5,49.0,Phosphatidylglycerol Ab.IgA,Phosphatidylglycerol IgA,ACTIVE,,
LP39374-1,49.0,Phosphatidylglycerol Ab.IgG,Phosphatidylglycerol IgG,ACTIVE,,
LP39375-8,49.0,Phosphatidylglycerol Ab.IgM,Phosphatidylglycerol IgM,ACTIVE,,
LP39377-4,49.0,Phosphatidylinositol Ab.IgA,Phosphatidylinositol IgA,ACTIVE,,
LP39378-2,49.0,Phosphatidylinositol Ab.IgG,Phosphatidylinositol IgG,ACTIVE,,
LP39379-0,49.0,Phosphatidylinositol Ab.IgM,Phosphatidylinositol IgM,ACTIVE,,
LP147783-7,48.0,Egg whole Ab.IgE,Whole Egg IgE,ACTIVE,,
LP306048-2,48.0,Glucose^5H post dose glucose,Glucose^5H post dose glucose,ACTIVE,,
LP18113-8,47.0,Nortramadol,Nortramadol,ACTIVE,,
LP285092-5,45.0,Beta-N-acetylhexosaminidase.A/Beta-N-acetylhexosaminidase.total,Beta-N-acetylhexosaminidase.A/Beta-N-acetylhexosaminidase.total,ACTIVE,,
LP16380-5,44.0,Complement C8,Complement C8,ACTIVE,,
LP306251-2,44.0,Insulin^1H post XXX challenge,Insulin^1H post XXX challenge,ACTIVE,,
LP305952-6,42.0,Glucose^2H post meal,Glucose^2H post meal,ACTIVE,,
LP148063-3,41.0,Gluten Ab.IgE,Gluten IgE,ACTIVE,,
LP16382-1,41.0,Complement C9,Complement C9,ACTIVE,,
LP18032-0,40.0,Acid phosphatase.non-prostatic,Acid phosphatase.non-prostatic,ACTIVE,,
LP286877-8,40.0,Potassium/Creatinine,Potassium/Creatinine,ACTIVE,,
LP39494-7,40.0,Prothrombin Ab.IgG,Prothrombin IgG,ACTIVE,,
LP39932-6,40.0,Sulfate-3-glucuronyl paragloboside Ab.IgM,Sulfate-3-glucuronyl Paragloboside IgM,ACTIVE,,
LP306031-8,39.0,Glucose^4H post dose glucose,Glucose^4H post dose glucose,ACTIVE,,
LP15755-9,38.0,Alpha-1-acid glycoprotein,Alpha-1-acid glycoprotein,ACTIVE,,
LP285810-0,38.0,Cortisol.free/Cortisone.free,Cortisol.free/Cortisone.free,ACTIVE,,
LP285814-2,38.0,Cortisone/Creatinine,Cortisone/Creatinine,ACTIVE,,
LP286249-0,38.0,Hydroxyproline/Creatinine,Hydroxyproline/Creatinine,ACTIVE,,
LP148309-0,37.0,Malus sylvestris tree Ab.IgE,Apple Tree (Malus sylvestris tree) IgE,ACTIVE,,
LP16379-7,36.0,Complement C7,Complement C7,ACTIVE,,
LP37608-4,36.0,Chlamydia sp Ab.IgG,Chlamydia sp IgG,ACTIVE,,
LP147792-8,35.0,Daucus carota Ab.IgE,Carrot (Daucus carota) IgE,ACTIVE,,
LP307378-2,35.0,Cholinesterase^dibucaine/Cholinesterase,Cholinesterase^dibucaine/Cholinesterase,ACTIVE,,
LP148156-5,34.0,Solanum tuberosum Ab.IgE,Potato (Solanum tuberosum) IgE,ACTIVE,,
LP186139-4,34.0,14-3-3 eta Ag,14-3-3 eta Ag,ACTIVE,,
LP39217-2,34.0,Nucleosome Ab,Nucleosome Ab,ACTIVE,,
LP28532-7,33.0,Mannose-binding protein,Mannose-binding protein,ACTIVE,,
LP39569-6,33.0,Ribonucleoprotein extractable nuclear Ab,Ribonucleoprotein extractable nuclear Ab,ACTIVE,,
LP14022-5,32.0,Beta-N-acetylhexosaminidase,Beta-N-acetylhexosaminidase,ACTIVE,,
LP284895-2,32.0,Alanine/Creatinine,Alanine/Creatinine,ACTIVE,,
LP285022-2,32.0,Arginine/Creatinine,Arginine/Creatinine,ACTIVE,,
LP285035-4,32.0,Asparagine/Creatinine,Asparagine/Creatinine,ACTIVE,,
LP286090-8,32.0,Glutamate/Creatinine,Glutamate/Creatinine,ACTIVE,,
LP286092-4,32.0,Glutamine/Creatinine,Glutamine/Creatinine,ACTIVE,,
LP286115-3,32.0,Glycine/Creatinine,Glycine/Creatinine,ACTIVE,,
LP286213-6,32.0,Histidine/Creatinine,Histidine/Creatinine,ACTIVE,,
LP286359-7,32.0,Leucine/Creatinine,Leucine/Creatinine,ACTIVE,,
LP286453-8,32.0,Lysine/Creatinine,Lysine/Creatinine,ACTIVE,,
LP286517-0,32.0,Methionine/Creatinine,Methionine/Creatinine,ACTIVE,,
LP286735-8,32.0,Ornithine/Creatinine,Ornithine/Creatinine,ACTIVE,,
LP286799-4,32.0,Phenylalanine/Creatinine,Phenylalanine/Creatinine,ACTIVE,,
LP286905-7,32.0,Proline/Creatinine,Proline/Creatinine,ACTIVE,,
LP287025-3,32.0,Serine/Creatinine,Serine/Creatinine,ACTIVE,,
LP287191-3,32.0,Taurine/Creatinine,Taurine/Creatinine,ACTIVE,,
LP287235-8,32.0,Threonine/Creatinine,Threonine/Creatinine,ACTIVE,,
LP287319-0,32.0,Tyrosine/Creatinine,Tyrosine/Creatinine,ACTIVE,,
LP287353-9,32.0,Valine/Creatinine,Valine/Creatinine,ACTIVE,,
LP15679-1,31.0,Iron binding capacity.unsaturated,Iron binding capacity.unsaturated,ACTIVE,,
LP285040-4,31.0,Aspartate/Creatinine,Aspartate/Creatinine,ACTIVE,,
LP286291-2,31.0,Isoleucine/Creatinine,Isoleucine/Creatinine,ACTIVE,,
LP148105-2,30.0,Sesamum indicum Ab.IgE,Sesame Seed (Sesamum indicum) IgE,ACTIVE,,
LP284942-2,30.0,Alpha aminobutyrate/Creatinine,Alpha aminobutyrate/Creatinine,ACTIVE,,
LP285770-6,30.0,Citrulline/Creatinine,Citrulline/Creatinine,ACTIVE,,
LP286009-8,30.0,Ethanolamine/Creatinine,Ethanolamine/Creatinine,ACTIVE,,
LP37945-0,30.0,Dolichovespula arenaria Ab.IgG,Yellow Hornet (Dolichovespula arenaria) IgG,ACTIVE,,
LP37947-6,30.0,Dolichovespula maculata Ab.IgG,Whitefaced Hornet (Dolichovespula maculata) IgG,ACTIVE,,
LP39451-7,30.0,Polistes spp Ab.IgG,Paper Wasp (Polistes spp) IgG,ACTIVE,,
LP140483-1,29.0,Hepatitis E virus RNA,Hepatitis E virus RNA,ACTIVE,,
LP18344-9,29.0,Cells.CD3+CD25+,CD3+CD25+ cells,ACTIVE,,
LP250613-9,29.0,Streptococcus pneumoniae Danish serotype 15B Ab.IgG,Streptococcus pneumoniae Danish serotype 15B IgG,ACTIVE,,
LP250628-7,29.0,Streptococcus pneumoniae Danish serotype 33F Ab.IgG,Streptococcus pneumoniae Danish serotype 33F IgG,ACTIVE,,
LP28774-5,29.0,Pregnancy associated plasma protein A,Pregnancy associated plasma protein A,ACTIVE,,
LP304969-1,29.0,C peptide^1H post XXX challenge,C peptide^1H post XXX challenge,ACTIVE,,
LP307396-4,29.0,Cortisol^PM trough specimen,Cortisol^PM trough specimen,ACTIVE,,
LP15040-6,28.0,Reducing substances,Reducing substances,ACTIVE,,
LP18987-5,28.0,Lamellar bodies,Lamellar bodies,ACTIVE,,
LP201204-7,28.0,RNA polymerase III Ab.IgG,RNA polymerase III IgG,ACTIVE,,
LP285080-0,28.0,Beta aminoisobutyrate/Creatinine,Beta aminoisobutyrate/Creatinine,ACTIVE,,
LP285848-0,28.0,Cystathionine/Creatinine,Cystathionine/Creatinine,ACTIVE,,
LP286804-2,28.0,Phenytoin.free/Phenytoin.total,Phenytoin.free/Phenytoin.total,ACTIVE,,
LP287314-1,28.0,Tryptophan/Creatinine,Tryptophan/Creatinine,ACTIVE,,
LP148047-6,27.0,Avena sativa Ab.IgE,Oat (Avena sativa) IgE,ACTIVE,,
LP148087-2,27.0,Oryza sativa Ab.IgE,Rice (Oryza sativa) IgE,ACTIVE,,
LP17234-3,27.0,IgA subclass 1,IgA subclass 1,ACTIVE,,
LP17248-3,27.0,IgA subclass 2,IgA subclass 2,ACTIVE,,
LP285078-4,27.0,Beta alanine/Creatinine,Beta alanine/Creatinine,ACTIVE,,
LP286067-6,27.0,Gamma aminobutyrate/Creatinine,Gamma aminobutyrate/Creatinine,ACTIVE,,
LP148094-8,26.0,Pisum sativum Ab.IgE,Pea (Pisum sativum) IgE,ACTIVE,,
LP14910-1,26.0,Pentacarboxylporphyrins,Pentacarboxylporphyrins,ACTIVE,,
LP16378-9,26.0,Complement C6,Complement C6,ACTIVE,,
LP17895-1,26.0,Hexacarboxylporphyrin,Hexacarboxylporphyrin,ACTIVE,,
LP284997-6,26.0,Anserine/Creatinine,Anserine/Creatinine,ACTIVE,,
LP286229-2,26.0,Homovanillate/Creatinine,Homovanillate/Creatinine,ACTIVE,,
LP287007-1,26.0,Sarcosine/Creatinine,Sarcosine/Creatinine,ACTIVE,,
LP147992-4,25.0,Apium graveolens Ab.IgE,Celery (Apium graveolens) IgE,ACTIVE,,
LP284940-6,25.0,Alpha aminoadipate/Creatinine,Alpha aminoadipate/Creatinine,ACTIVE,,
LP285026-3,25.0,Argininosuccinate/Creatinine,Argininosuccinate/Creatinine,ACTIVE,,
LP286223-5,25.0,Homocitrulline/Creatinine,Homocitrulline/Creatinine,ACTIVE,,
LP286246-6,25.0,Hydroxylysine/Creatinine,Hydroxylysine/Creatinine,ACTIVE,,
LP147920-5,24.0,Bean white Ab.IgE,White Bean IgE,ACTIVE,,
LP28442-9,24.0,HER2,HER2,ACTIVE,,
LP285420-8,24.0,Cells.CD3+CD25+/100 cells,Cells.CD3+CD25+/100 cells,ACTIVE,,
LP304978-2,24.0,C peptide^2H post XXX challenge,C peptide^2H post XXX challenge,ACTIVE,,
LP39863-3,23.0,Streptococcus pneumoniae 22 Ab.IgG,Streptococcus pneumoniae 22 IgG,DEPRECATED,,
LP39879-9,23.0,Streptococcus pneumoniae 43 Ab.IgG,Streptococcus pneumoniae 43 IgG,DEPRECATED,,
LP147677-1,23.0,Periplaneta americana Ab.IgE,American Cockroach (Periplaneta americana) IgE,ACTIVE,,
LP193959-6,22.0,Zinc transporter 8 Ab,Zinc transporter 8 Ab,ACTIVE,,
LP14318-7,21.0,Osmotic fragility,Osmotic fragility,ACTIVE,,
LP147657-3,21.0,Staphylococcus aureus enterotoxin A Ab.IgE,Staphylococcus aureus enterotoxin A (sea) IgE,ACTIVE,,
LP148077-3,21.0,Lactuca sativa Ab.IgE,Lettuce (Lactuca sativa) IgE,ACTIVE,,
LP20752-9,21.0,Nuclear Ab,Nuclear Ab,ACTIVE,,
LP286875-2,21.0,Porphyrins/Creatinine,Porphyrins/Creatinine,ACTIVE,,
LP39495-4,21.0,Prothrombin Ab.IgM,Prothrombin IgM,ACTIVE,,
LP15378-0,20.0,Alpha-2-Retinol binding protein,Alpha-2-Retinol binding protein,ACTIVE,,
LP147738-1,19.0,Salmo salar Ab.IgE,Salmon (Salmo salar) IgE,ACTIVE,,
LP148120-1,19.0,Flounder Ab.IgE,Flounder IgE,ACTIVE,,
LP18357-1,19.0,Cells.CD8+CD38+,CD8+CD38+ cells,ACTIVE,,
LP285608-8,19.0,Cells.CD8+CD38+/100 cells,Cells.CD8+CD38+/100 cells,ACTIVE,,
LP306221-5,19.0,Insulin^1.5H post XXX challenge,Insulin^1.5H post XXX challenge,ACTIVE,,
LP147672-2,17.0,Horse hair+Horse dander Ab.IgE,Horse hair+Horse dander IgE,ACTIVE,,
LP18350-6,17.0,Cells.CD8+HLA-DR+,CD8+HLA-DR+ cells,ACTIVE,,
LP18351-4,17.0,Cells.CD8+CD57+,CD8+CD57+ cells,ACTIVE,,
LP285615-3,17.0,Cells.CD8+HLA-DR+/100 cells,Cells.CD8+HLA-DR+/100 cells,ACTIVE,,
LP305439-4,17.0,Cortisol^8H post 1 mg dexamethasone PO overnight,Cortisol^8H post 1 mg dexamethasone PO overnight,ACTIVE,,
LP148043-5,16.0,Aspergillus niger Ab.IgE,Aspergillus niger IgE,ACTIVE,,
LP148088-0,16.0,Ostrea edulis Ab.IgE,Oyster (Ostrea edulis) IgE,ACTIVE,,
LP285447-1,16.0,Cells.CD3+CD8+CD57+/100 cells,Cells.CD3+CD8+CD57+/100 cells,ACTIVE,,
LP285613-8,16.0,Cells.CD8+CD57+/100 cells,Cells.CD8+CD57+/100 cells,ACTIVE,,
LP287276-2,16.0,Transferrin.carbohydrate deficient/Transferrin.total,Transferrin.carbohydrate deficient/Transferrin.total,ACTIVE,,
LP37312-3,16.0,Bordetella pertussis Ab.IgM,Bordetella pertussis IgM,ACTIVE,,
LP147658-1,15.0,Staphylococcus aureus enterotoxin B Ab.IgE,Staphylococcus aureus enterotoxin B IgE,ACTIVE,,
LP285984-3,15.0,Erythrocytes.CD59 deficient/100 Cells.235a,Erythrocytes.CD59 deficient/100 Cells.235a,ACTIVE,,
LP286127-8,15.0,Granulocytes.CD59 deficient/100 cells,Granulocytes.CD59 deficient/100 cells,ACTIVE,,
LP286554-3,15.0,Monocytes.CD59 deficient/100 cells,Monocytes.CD59 deficient/100 cells,ACTIVE,,
LP287371-1,15.0,Viable cells/100 cells,Viable cells/100 cells,ACTIVE,,
LP148082-3,14.0,Micropterus salmoides Ab.IgE,"Bass, Black (Micropterus salmoides) IgE",ACTIVE,,
LP16893-7,14.0,Platelet aggregation.arachidonate induced,Platelet aggregation arachidonate induced,ACTIVE,,
LP19292-9,14.0,Methylenedioxyamphetamine,Methylenedioxyamphetamine,ACTIVE,,
LP287334-9,14.0,Urate/Creatinine,Urate/Creatinine,ACTIVE,,
LP307881-5,13.0,cycloSPORINE^2H post dose,cycloSPORINE^2H post dose,ACTIVE,,
LP64930-8,13.0,Transforming growth factor beta 1,Transforming growth factor beta 1,ACTIVE,,
LP66338-2,13.0,Protein.monoclonal band 1,Protein.monoclonal band 1,ACTIVE,,
LP148015-3,12.0,Taraxacum vulgare Ab.IgE,Dandelion (Taraxacum vulgare) IgE,ACTIVE,,
LP15030-7,12.0,Immunoglobulin light chains.kappa,Kappa light chains,ACTIVE,,
LP15031-5,12.0,Immunoglobulin light chains.lambda,Lambda light chains,ACTIVE,,
LP285757-3,12.0,Chromium/Creatinine,Chromium/Creatinine,ACTIVE,,
LP307595-1,12.0,Urea nitrogen^post dialysis,Urea nitrogen^post dialysis,ACTIVE,,
LP173593-7,11.0,Adalimumab Ab,Adalimumab Ab,ACTIVE,,
LP40154-4,11.0,Voltage-gated calcium channel PQ type binding Ab,Voltage-gated calcium channel P/Q type binding Ab,ACTIVE,,
LP89621-4,11.0,Urea reduction ratio,Urea reduction ratio,ACTIVE,,
LP285734-2,10.5,Chloride/Creatinine,Chloride/Creatinine,ACTIVE,,
LP148089-8,10.0,Petroselinum crispum Ab.IgE,Parsley (Petrosilenum crispum) IgE,ACTIVE,,
LP18084-1,10.0,Hydroxytriazolam,Hydroxytriazolam,ACTIVE,,
LP113694-6,9.0,Chronic urticaria index,Chronic urticaria index,ACTIVE,,
LP284677-4,9.0,17-Hydroxycorticosteroids/Creatinine,17-Hydroxycorticosteroids/Creatinine,ACTIVE,,
LP306037-5,9.0,Glucose^4th specimen post XXX challenge,Glucose^4th specimen post XXX challenge,ACTIVE,,
LP147874-4,8.0,Chicken feather Ab.IgE,Chicken feather IgE,ACTIVE,,
LP285436-4,8.0,Cells.CD3+CD57+/100 cells,Cells.CD3+CD57+/100 cells,ACTIVE,,
LP65575-0,8.0,Cells.CD3+CD57+,CD3+CD57+ cells,ACTIVE,,
LP65576-8,8.0,Cells.CD3+CD8+CD57+,CD3+CD8+CD57+ cells,ACTIVE,,
LP147751-4,7.0,Mytilus edulis Ab.IgE,Blue mussel (Mytilus edulis) IgE,ACTIVE,,
LP15783-1,7.0,Pepsinogen I,Pepsinogen I,ACTIVE,,
LP38252-0,7.0,Gluten Ab.IgG,Gluten IgG,ACTIVE,,
LP39354-3,7.0,Phoma betae Ab.IgG,Phoma betae IgG,ACTIVE,,
LP14023-3,6.0,Cerebroside sulfatase,Cerebroside sulfatase,ACTIVE,,
LP147739-9,6.0,Horse dander Ab.IgE,Horse dander IgE,ACTIVE,,
LP147740-7,6.0,Cow dander Ab.IgE,Cow dander IgE,ACTIVE,,
LP147760-5,6.0,Goose feather Ab.IgE,Goose feather IgE,ACTIVE,,
LP148066-6,6.0,Fragaria vesca Ab.IgE,Strawberry (Fragaria vesca) IgE,ACTIVE,,
LP18936-2,6.0,Normethsuximide,Normethsuximide,ACTIVE,,
LP19142-6,6.0,Methsuximide+Normethsuximide,Methsuximide+Normethsuximide,ACTIVE,,
LP20877-4,6.0,Sialate.lipid bound,Sialate.lipid bound,ACTIVE,,
LP249041-7,6.0,Streptococcus pneumoniae Danish serotype 17F Ab.IgG,Streptococcus pneumoniae Danish serotype 17F IgG,ACTIVE,,
LP249052-4,6.0,Streptococcus pneumoniae Danish serotype 2 Ab.IgG,Streptococcus pneumoniae Danish serotype 2 IgG,ACTIVE,,
LP249053-2,6.0,Streptococcus pneumoniae Danish serotype 20A Ab.IgG,Streptococcus pneumoniae Danish serotype 20A IgG,ACTIVE,,
LP249058-1,6.0,Streptococcus pneumoniae Danish serotype 22F Ab.IgG,Streptococcus pneumoniae Danish serotype 22F IgG,ACTIVE,,
LP249071-4,6.0,Streptococcus pneumoniae Danish serotype 11A Ab.IgG,Streptococcus pneumoniae Danish serotype 11A IgG,ACTIVE,,
LP250620-4,6.0,Streptococcus pneumoniae Danish serotype 19A Ab.IgG,Streptococcus pneumoniae Danish serotype 19A IgG,ACTIVE,,
LP251126-1,6.0,Streptococcus pneumoniae Danish serotype 10A Ab.IgG,Streptococcus pneumoniae Danish serotype 10A IgG,ACTIVE,,
LP30916-8,6.0,Prostate specific Ag.protein bound,Prostate specific Ag.protein bound,ACTIVE,,
LP148071-6,5.0,House dust Greer Ab.IgE,House dust Greer IgE,ACTIVE,,
LP148154-0,5.0,Pigeon droppings Ab.IgE,Pigeon droppings IgE,ACTIVE,,
LP16374-8,5.0,Complement C4b binding protein,Complement C4b binding protein,ACTIVE,,
LP193963-8,5.0,Serotonin release 0.1 IU/mL heparin.unfractionated,Serotonin release 0.1 IU/mL heparin.unfractionated,ACTIVE,,
LP193970-3,5.0,Serotonin release 100 IU/mL heparin.unfractionated,Serotonin release 100 IU/mL heparin.unfractionated,ACTIVE,,
LP285285-5,5.0,Cells.CD11b/100 cells,Cells.CD11b/100 cells,ACTIVE,,
LP286227-6,5.0,Homocystine/Creatinine,Homocystine/Creatinine,ACTIVE,,
LP307501-9,5.0,Lactate/Pyruvate,Lactate/Pyruvate,ACTIVE,,
LP39314-7,5.0,Parvovirus B19 DNA,Parvovirus B19 DNA,ACTIVE,,
LP147565-8,4.0,Latex glove extract ammoniated Ab.IgE,Latex glove extract ammoniated IgE,ACTIVE,,
LP147986-6,4.0,Fagopyrum esculentum Ab.IgE,Buckwheat (Fagopyrum esculentum) IgE,ACTIVE,,
LP16869-7,4.0,Prothrombin fragment 1+2,Prothrombin Fragment 1.2,ACTIVE,,
LP17873-8,4.0,risperiDONE+9-Hydroxyrisperidone,risperiDONE+9-Hydroxyrisperidone,ACTIVE,,
LP19423-0,4.0,Cytokeratin 19,Cytokeratin 19,ACTIVE,,
LP286957-8,4.0,Pyridinoline/Creatinine,Pyridinoline/Creatinine,ACTIVE,,
LP36886-7,4.0,Choriogonadotropin.intact+Beta subunit,Choriogonadotropin.intact+Beta subunit,ACTIVE,,
LP39933-4,4.0,Sulfatide Ab,Sulfatide Ab,ACTIVE,,
LP40198-1,4.0,Yersinia enterocolitica Ab.IgG,Yersinia enterocolitica IgG,ACTIVE,,
LP14310-4,3.0,Interleukin 2 receptor,Interleukin 2 receptor,ACTIVE,,
LP14726-1,3.0,Normeperidine,Normeperidine,ACTIVE,,
LP147831-4,3.0,Paspalum notatum Ab.IgE,Bahia grass (Paspalum notatum) IgE,ACTIVE,,
LP148027-8,3.0,Franseria acanthicarpa Ab.IgE,False ragweed (Franseria acanthicarpa) IgE,ACTIVE,,
LP148554-1,3.0,Stemphylium solani Ab.IgE,Stemphylium solani IgE,ACTIVE,,
LP16478-7,3.0,Phosphatase.leukocyte,Leukocyte phosphatase,ACTIVE,,
LP18079-1,3.0,Norchlordiazepoxide,Norchlordiazepoxide,ACTIVE,,
LP305888-2,3.0,Glucose^1H post 50 g lactose PO,Glucose^1H post 50 g lactose PO,ACTIVE,,
LP305943-5,3.0,Glucose^2H post 50 g lactose PO,Glucose^2H post 50 g lactose PO,ACTIVE,,
LP305973-2,3.0,Glucose^30M post 50 g lactose PO,Glucose^30M post 50 g lactose PO,ACTIVE,,
LP305991-4,3.0,Glucose^3H post 50 g lactose PO,Glucose^3H post 50 g lactose PO,ACTIVE,,
LP38069-8,3.0,Epstein Barr virus capsid Ab.IgA,Epstein Barr virus capsid IgA,ACTIVE,,
LP39190-1,3.0,Neuronal Ab,Neuronal Ab,ACTIVE,,
LP40061-1,3.0,Triticum aestivum Ab.IgG,Wheat (Triticum aestivum) IgG,ACTIVE,,
LP40197-3,3.0,Yersinia enterocolitica Ab.IgA,Yersinia enterocolitica IgA,ACTIVE,,
LP14727-9,2.0,Normephenytoin,Normephenytoin,ACTIVE,,
LP147398-4,2.0,Passiflora edulis Ab.IgE,Passion fruit (Passiflora edulis) IgE,ACTIVE,,
LP147436-2,2.0,Macadamia spp Ab.IgE,Macadamia (Macadamia spp) IgE,ACTIVE,,
LP147730-8,2.0,Chicken Ab.IgE,Chicken IgE,ACTIVE,,
LP147800-9,2.0,Agrostis stolonifera Ab.IgE,Red top grass (Agrostis stolonifera) IgE,ACTIVE,,
LP147922-1,2.0,Castanea sativa Ab.IgE,Chestnut (Castanea sativa) IgE,ACTIVE,,
LP148037-7,2.0,Allium sativum Ab.IgE,Garlic (Allium sativum) IgE,ACTIVE,,
LP148058-3,2.0,Citrus limon Ab.IgE,Lemon (Citrus limon) IgE,ACTIVE,,
LP148136-7,2.0,Mangifera indica Ab.IgE,Mango (Mangifera indica) IgE,ACTIVE,,
LP148563-2,2.0,Venison Ab.IgE,Venison IgE,ACTIVE,,
LP15299-8,2.0,3-Alpha-Androstanediol glucuronide,3-Alpha-Androstanediol glucuronide,ACTIVE,,
LP15447-3,2.0,Bilirubin.albumin bound,Bilirubin.albumin bound,ACTIVE,,
LP18218-5,2.0,Transferrin.carbohydrate deficient,Transferrin.carbohydrate deficient,ACTIVE,,
LP286190-6,2.0,Heptacarboxylporphyrin/Creatinine,Heptacarboxylporphyrin/Creatinine,ACTIVE,,
LP286198-9,2.0,Hexacarboxylporphyrin/Creatinine,Hexacarboxylporphyrin/Creatinine,ACTIVE,,
LP286736-6,2.0,Orotate/Creatinine,Orotate/Creatinine,ACTIVE,,
LP286784-6,2.0,Pentacarboxylporphyrins/Creatinine,Pentacarboxylporphyrins/Creatinine,ACTIVE,,
LP287052-7,2.0,Spermatozoa Ab.IgA/100 spermatozoa,Spermatozoa Ab.IgA/100 spermatozoa,ACTIVE,,
LP287054-3,2.0,Spermatozoa Ab.IgG/100 spermatozoa,Spermatozoa Ab.IgG/100 spermatozoa,ACTIVE,,
LP304973-3,2.0,C peptide^1st specimen post XXX challenge,C peptide^1st specimen post XXX challenge,ACTIVE,,
LP304981-6,2.0,C peptide^2nd specimen post XXX challenge,C peptide^2nd specimen post XXX challenge,ACTIVE,,
LP37326-3,2.0,Bordetella pertussis.pertussis toxin Ab.IgM,Bordetella pertussis.pertussis toxin IgM,ACTIVE,,
LP38957-4,2.0,Liver cytosol Ab,Liver cytosol Ab,ACTIVE,,